<?xml version="1.0" encoding="UTF-8"?>
<gpx version="1.1" creator="RouteHistory - https://www.ateow.com" xmlns="http://www.topografix.com/GPX/1/1" xmlns:rh="http://www.ateow.com/routehistory">
<trk>
<trkseg>
<trkpt lat="35.8624029" lon="139.9715574">
<time>2026-06-02T08:28:26Z</time>
<ele>68.80000305175781</ele>
</trkpt>
<trkpt lat="35.8623969" lon="139.971548">
<time>2026-06-02T08:28:28Z</time>
<ele>68.80000305175781</ele>
</trkpt>
<trkpt lat="35.8624061" lon="139.9715498">
<time>2026-06-02T08:28:33Z</time>
<ele>68.80000305175781</ele>
</trkpt>
<trkpt lat="35.8624217" lon="139.9715603">
<time>2026-06-02T08:28:35Z</time>
<ele>68.80000305175781</ele>
</trkpt>
<trkpt lat="35.8624373" lon="139.9715732">
<time>2026-06-02T08:28:37Z</time>
<ele>69.19999694824219</ele>
</trkpt>
<trkpt lat="35.8624517" lon="139.9715792">
<time>2026-06-02T08:28:39Z</time>
<ele>69.19999694824219</ele>
</trkpt>
<trkpt lat="35.862467" lon="139.9715872">
<time>2026-06-02T08:28:41Z</time>
<ele>69.19999694824219</ele>
</trkpt>
<trkpt lat="35.8624701" lon="139.9716026">
<time>2026-06-02T08:28:43Z</time>
<ele>69.19999694824219</ele>
</trkpt>
<trkpt lat="35.862464" lon="139.9716123">
<time>2026-06-02T08:28:50Z</time>
<ele>68.80000305175781</ele>
</trkpt>
<trkpt lat="35.8624742" lon="139.9716201">
<time>2026-06-02T08:28:53Z</time>
<ele>68.80000305175781</ele>
</trkpt>
<trkpt lat="35.8624835" lon="139.9716274">
<time>2026-06-02T08:28:54Z</time>
<ele>68.80000305175781</ele>
</trkpt>
<trkpt lat="35.862492" lon="139.9716388">
<time>2026-06-02T08:28:55Z</time>
<ele>68.80000305175781</ele>
</trkpt>
<trkpt lat="35.8625003" lon="139.9716516">
<time>2026-06-02T08:28:56Z</time>
<ele>68.80000305175781</ele>
</trkpt>
<trkpt lat="35.862497" lon="139.9717176">
<time>2026-06-02T08:28:57Z</time>
<ele>69.19999694824219</ele>
</trkpt>
<trkpt lat="35.8625071" lon="139.971743">
<time>2026-06-02T08:28:58Z</time>
<ele>69.19999694824219</ele>
</trkpt>
<trkpt lat="35.862518" lon="139.9717581">
<time>2026-06-02T08:28:59Z</time>
<ele>69.19999694824219</ele>
</trkpt>
<trkpt lat="35.8625288" lon="139.9717684">
<time>2026-06-02T08:29:00Z</time>
<ele>69.19999694824219</ele>
</trkpt>
<trkpt lat="35.8625395" lon="139.9717767">
<time>2026-06-02T08:29:01Z</time>
<ele>69.19999694824219</ele>
</trkpt>
<trkpt lat="35.8625518" lon="139.9717865">
<time>2026-06-02T08:29:02Z</time>
<ele>69.19999694824219</ele>
</trkpt>
<trkpt lat="35.8625639" lon="139.9717974">
<time>2026-06-02T08:29:03Z</time>
<ele>68.9000015258789</ele>
</trkpt>
<trkpt lat="35.8625721" lon="139.9718084">
<time>2026-06-02T08:29:04Z</time>
<ele>68.9000015258789</ele>
</trkpt>
<trkpt lat="35.86258" lon="139.9718191">
<time>2026-06-02T08:29:05Z</time>
<ele>68.9000015258789</ele>
</trkpt>
<trkpt lat="35.8625864" lon="139.9718316">
<time>2026-06-02T08:29:06Z</time>
<ele>68.9000015258789</ele>
</trkpt>
<trkpt lat="35.8625925" lon="139.9718418">
<time>2026-06-02T08:29:07Z</time>
<ele>68.9000015258789</ele>
</trkpt>
<trkpt lat="35.8626" lon="139.9718498">
<time>2026-06-02T08:29:08Z</time>
<ele>68.9000015258789</ele>
</trkpt>
<trkpt lat="35.862608" lon="139.9718558">
<time>2026-06-02T08:29:09Z</time>
<ele>68.9000015258789</ele>
</trkpt>
<trkpt lat="35.8626164" lon="139.9718659">
<time>2026-06-02T08:29:10Z</time>
<ele>68.9000015258789</ele>
</trkpt>
<trkpt lat="35.8626233" lon="139.9718768">
<time>2026-06-02T08:29:11Z</time>
<ele>68.9000015258789</ele>
</trkpt>
<trkpt lat="35.8626302" lon="139.9718846">
<time>2026-06-02T08:29:12Z</time>
<ele>68.9000015258789</ele>
</trkpt>
<trkpt lat="35.862638" lon="139.9718919">
<time>2026-06-02T08:29:13Z</time>
<ele>68.9000015258789</ele>
</trkpt>
<trkpt lat="35.8626453" lon="139.9718997">
<time>2026-06-02T08:29:14Z</time>
<ele>68.9000015258789</ele>
</trkpt>
<trkpt lat="35.8626517" lon="139.9719084">
<time>2026-06-02T08:29:15Z</time>
<ele>68.9000015258789</ele>
</trkpt>
<trkpt lat="35.8626585" lon="139.9719189">
<time>2026-06-02T08:29:16Z</time>
<ele>68.9000015258789</ele>
</trkpt>
<trkpt lat="35.8626391" lon="139.9719733">
<time>2026-06-02T08:29:17Z</time>
<ele>69.19999694824219</ele>
</trkpt>
<trkpt lat="35.8626249" lon="139.9720117">
<time>2026-06-02T08:29:18Z</time>
<ele>69.19999694824219</ele>
</trkpt>
<trkpt lat="35.8626214" lon="139.9720375">
<time>2026-06-02T08:29:19Z</time>
<ele>69.19999694824219</ele>
</trkpt>
<trkpt lat="35.8626204" lon="139.9720574">
<time>2026-06-02T08:29:20Z</time>
<ele>69.19999694824219</ele>
</trkpt>
<trkpt lat="35.862622" lon="139.9720707">
<time>2026-06-02T08:29:21Z</time>
<ele>69.19999694824219</ele>
</trkpt>
<trkpt lat="35.8626249" lon="139.9720845">
<time>2026-06-02T08:29:22Z</time>
<ele>69.19999694824219</ele>
</trkpt>
<trkpt lat="35.8626245" lon="139.9721008">
<time>2026-06-02T08:29:23Z</time>
<ele>69.19999694824219</ele>
</trkpt>
<trkpt lat="35.8626254" lon="139.972114">
<time>2026-06-02T08:29:24Z</time>
<ele>69.19999694824219</ele>
</trkpt>
<trkpt lat="35.8626289" lon="139.9721372">
<time>2026-06-02T08:29:26Z</time>
<ele>69.19999694824219</ele>
</trkpt>
<trkpt lat="35.8626319" lon="139.9721593">
<time>2026-06-02T08:29:28Z</time>
<ele>69.19999694824219</ele>
</trkpt>
<trkpt lat="35.862639" lon="139.9721725">
<time>2026-06-02T08:29:29Z</time>
<ele>69.19999694824219</ele>
</trkpt>
<trkpt lat="35.8626468" lon="139.9721875">
<time>2026-06-02T08:29:30Z</time>
<ele>69.19999694824219</ele>
</trkpt>
<trkpt lat="35.8626488" lon="139.9722024">
<time>2026-06-02T08:29:31Z</time>
<ele>69.19999694824219</ele>
</trkpt>
<trkpt lat="35.862649" lon="139.972217">
<time>2026-06-02T08:29:32Z</time>
<ele>69.19999694824219</ele>
</trkpt>
<trkpt lat="35.8626483" lon="139.9722307">
<time>2026-06-02T08:29:33Z</time>
<ele>69.19999694824219</ele>
</trkpt>
<trkpt lat="35.8626459" lon="139.972243">
<time>2026-06-02T08:29:34Z</time>
<ele>69.19999694824219</ele>
</trkpt>
<trkpt lat="35.8626486" lon="139.9722545">
<time>2026-06-02T08:29:35Z</time>
<ele>69.19999694824219</ele>
</trkpt>
<trkpt lat="35.862651" lon="139.9722663">
<time>2026-06-02T08:29:36Z</time>
<ele>69.19999694824219</ele>
</trkpt>
<trkpt lat="35.8626521" lon="139.9722817">
<time>2026-06-02T08:29:37Z</time>
<ele>69.11724434964972</ele>
</trkpt>
<trkpt lat="35.8626515" lon="139.972293">
<time>2026-06-02T08:29:38Z</time>
<ele>69.13334037392254</ele>
</trkpt>
<trkpt lat="35.8626523" lon="139.9723148">
<time>2026-06-02T08:29:39Z</time>
<ele>69.11724434964972</ele>
</trkpt>
<trkpt lat="35.8626515" lon="139.972341">
<time>2026-06-02T08:29:40Z</time>
<ele>69.12139815948073</ele>
</trkpt>
<trkpt lat="35.8626489" lon="139.972367">
<time>2026-06-02T08:29:41Z</time>
<ele>69.12139815948073</ele>
</trkpt>
<trkpt lat="35.8626577" lon="139.9723899">
<time>2026-06-02T08:29:43Z</time>
<ele>69.00872677867348</ele>
</trkpt>
<trkpt lat="35.8626605" lon="139.9724139">
<time>2026-06-02T08:29:44Z</time>
<ele>69.00872677867348</ele>
</trkpt>
<trkpt lat="35.8626635" lon="139.9724314">
<time>2026-06-02T08:29:45Z</time>
<ele>68.9967847372728</ele>
</trkpt>
<trkpt lat="35.8626621" lon="139.9724509">
<time>2026-06-02T08:29:46Z</time>
<ele>69.00872677867348</ele>
</trkpt>
<trkpt lat="35.8626596" lon="139.9724652">
<time>2026-06-02T08:29:48Z</time>
<ele>69.05234133161835</ele>
</trkpt>
<trkpt lat="35.8626502" lon="139.9724782">
<time>2026-06-02T08:29:50Z</time>
<ele>69.13645573693857</ele>
</trkpt>
<trkpt lat="35.862651" lon="139.972491">
<time>2026-06-02T08:29:54Z</time>
<ele>69.5897414499477</ele>
</trkpt>
<trkpt lat="35.8626675" lon="139.9724822">
<time>2026-06-02T08:29:57Z</time>
<ele>69.59079159344606</ele>
</trkpt>
<trkpt lat="35.8626784" lon="139.9724717">
<time>2026-06-02T08:29:58Z</time>
<ele>69.73461257823544</ele>
</trkpt>
<trkpt lat="35.8626848" lon="139.9724623">
<time>2026-06-02T08:29:59Z</time>
<ele>69.73461257823544</ele>
</trkpt>
<trkpt lat="35.8626844" lon="139.972446">
<time>2026-06-02T08:30:08Z</time>
<ele>69.13541477144953</ele>
</trkpt>
<trkpt lat="35.8626818" lon="139.972433">
<time>2026-06-02T08:30:14Z</time>
<ele>68.2662827310812</ele>
</trkpt>
<trkpt lat="35.86269" lon="139.9724498">
<time>2026-06-02T08:30:19Z</time>
<ele>67.4403275690093</ele>
</trkpt>
<trkpt lat="35.8626999" lon="139.9724559">
<time>2026-06-02T08:30:20Z</time>
<ele>67.28147916607264</ele>
</trkpt>
<trkpt lat="35.8626587" lon="139.9726701">
<time>2026-06-02T08:30:54Z</time>
<ele>61.934155726387274</ele>
</trkpt>
<trkpt lat="35.86266" lon="139.9726889">
<time>2026-06-02T08:30:55Z</time>
<ele>61.94453158473356</ele>
</trkpt>
<trkpt lat="35.8626587" lon="139.9727069">
<time>2026-06-02T08:30:56Z</time>
<ele>62.128755076788025</ele>
</trkpt>
<trkpt lat="35.8626563" lon="139.9727252">
<time>2026-06-02T08:30:57Z</time>
<ele>62.064373655929344</ele>
</trkpt>
<trkpt lat="35.8626567" lon="139.9727407">
<time>2026-06-02T08:30:58Z</time>
<ele>62.064373655929344</ele>
</trkpt>
<trkpt lat="35.8626619" lon="139.9727518">
<time>2026-06-02T08:30:59Z</time>
<ele>61.97929080140647</ele>
</trkpt>
<trkpt lat="35.862662" lon="139.9727676">
<time>2026-06-02T08:31:00Z</time>
<ele>62.16398392107708</ele>
</trkpt>
<trkpt lat="35.8626612" lon="139.9727867">
<time>2026-06-02T08:31:01Z</time>
<ele>62.091870124254726</ele>
</trkpt>
<trkpt lat="35.8626566" lon="139.9728053">
<time>2026-06-02T08:31:02Z</time>
<ele>62.22364687195558</ele>
</trkpt>
<trkpt lat="35.8626531" lon="139.9728199">
<time>2026-06-02T08:31:03Z</time>
<ele>62.19924411066546</ele>
</trkpt>
<trkpt lat="35.8626491" lon="139.9728374">
<time>2026-06-02T08:31:04Z</time>
<ele>62.298856220638115</ele>
</trkpt>
<trkpt lat="35.8626451" lon="139.9728531">
<time>2026-06-02T08:31:05Z</time>
<ele>62.298856220638115</ele>
</trkpt>
<trkpt lat="35.8626413" lon="139.9728683">
<time>2026-06-02T08:31:06Z</time>
<ele>62.298856220638115</ele>
</trkpt>
<trkpt lat="35.8626399" lon="139.9728807">
<time>2026-06-02T08:31:07Z</time>
<ele>62.23555336497993</ele>
</trkpt>
<trkpt lat="35.8626388" lon="139.9728938">
<time>2026-06-02T08:31:08Z</time>
<ele>62.25631340751332</ele>
</trkpt>
<trkpt lat="35.8626361" lon="139.9729068">
<time>2026-06-02T08:31:09Z</time>
<ele>62.25631340751332</ele>
</trkpt>
<trkpt lat="35.8626341" lon="139.9729197">
<time>2026-06-02T08:31:10Z</time>
<ele>62.276028343526775</ele>
</trkpt>
<trkpt lat="35.8626317" lon="139.972932">
<time>2026-06-02T08:31:11Z</time>
<ele>62.30560083228848</ele>
</trkpt>
<trkpt lat="35.8626306" lon="139.9729438">
<time>2026-06-02T08:31:12Z</time>
<ele>62.30560083228848</ele>
</trkpt>
<trkpt lat="35.8626294" lon="139.9729583">
<time>2026-06-02T08:31:13Z</time>
<ele>62.276028343526775</ele>
</trkpt>
<trkpt lat="35.8626304" lon="139.9729782">
<time>2026-06-02T08:31:14Z</time>
<ele>62.276028343526775</ele>
</trkpt>
<trkpt lat="35.8626294" lon="139.9729905">
<time>2026-06-02T08:31:15Z</time>
<ele>62.17382245489872</ele>
</trkpt>
<trkpt lat="35.8626268" lon="139.9730015">
<time>2026-06-02T08:31:16Z</time>
<ele>62.103783587939475</ele>
</trkpt>
<trkpt lat="35.8626257" lon="139.9730228">
<time>2026-06-02T08:31:18Z</time>
<ele>62.12090414718866</ele>
</trkpt>
<trkpt lat="35.8626264" lon="139.9730374">
<time>2026-06-02T08:31:19Z</time>
<ele>62.257351034598656</ele>
</trkpt>
<trkpt lat="35.8626264" lon="139.9730485">
<time>2026-06-02T08:31:20Z</time>
<ele>62.257351034598656</ele>
</trkpt>
<trkpt lat="35.8626254" lon="139.973065">
<time>2026-06-02T08:31:21Z</time>
<ele>62.11467081964639</ele>
</trkpt>
<trkpt lat="35.8626216" lon="139.9730867">
<time>2026-06-02T08:31:23Z</time>
<ele>62.38653658469245</ele>
</trkpt>
<trkpt lat="35.8626204" lon="139.9730986">
<time>2026-06-02T08:31:24Z</time>
<ele>62.251125273968775</ele>
</trkpt>
<trkpt lat="35.8626192" lon="139.9731137">
<time>2026-06-02T08:31:25Z</time>
<ele>62.441013000767626</ele>
</trkpt>
<trkpt lat="35.8626156" lon="139.9731449">
<time>2026-06-02T08:31:27Z</time>
<ele>62.51416758804757</ele>
</trkpt>
<trkpt lat="35.8626154" lon="139.9731671">
<time>2026-06-02T08:31:28Z</time>
<ele>62.50430262234181</ele>
</trkpt>
<trkpt lat="35.8626154" lon="139.9731841">
<time>2026-06-02T08:31:29Z</time>
<ele>62.43114803506187</ele>
</trkpt>
<trkpt lat="35.8626149" lon="139.9731987">
<time>2026-06-02T08:31:30Z</time>
<ele>62.59198518162013</ele>
</trkpt>
<trkpt lat="35.8626109" lon="139.9732152">
<time>2026-06-02T08:31:31Z</time>
<ele>62.51986750842967</ele>
</trkpt>
<trkpt lat="35.8626055" lon="139.9732303">
<time>2026-06-02T08:31:32Z</time>
<ele>62.448269265670426</ele>
</trkpt>
<trkpt lat="35.8626018" lon="139.9732507">
<time>2026-06-02T08:31:33Z</time>
<ele>62.448269265670426</ele>
</trkpt>
<trkpt lat="35.8625997" lon="139.9732692">
<time>2026-06-02T08:31:34Z</time>
<ele>62.448269265670426</ele>
</trkpt>
<trkpt lat="35.8625969" lon="139.9732837">
<time>2026-06-02T08:31:35Z</time>
<ele>62.45811739089156</ele>
</trkpt>
<trkpt lat="35.8625932" lon="139.9732987">
<time>2026-06-02T08:31:36Z</time>
<ele>62.3885948453829</ele>
</trkpt>
<trkpt lat="35.8625899" lon="139.9733139">
<time>2026-06-02T08:31:37Z</time>
<ele>62.3885948453829</ele>
</trkpt>
<trkpt lat="35.8625882" lon="139.9733272">
<time>2026-06-02T08:31:38Z</time>
<ele>62.43684550759256</ele>
</trkpt>
<trkpt lat="35.8625882" lon="139.9733434">
<time>2026-06-02T08:31:39Z</time>
<ele>62.43684550759256</ele>
</trkpt>
<trkpt lat="35.8625876" lon="139.9733579">
<time>2026-06-02T08:31:40Z</time>
<ele>62.45294099641906</ele>
</trkpt>
<trkpt lat="35.8625844" lon="139.9733731">
<time>2026-06-02T08:31:41Z</time>
<ele>62.508455534086536</ele>
</trkpt>
<trkpt lat="35.8625812" lon="139.9733867">
<time>2026-06-02T08:31:42Z</time>
<ele>62.47421287971806</ele>
</trkpt>
<trkpt lat="35.862578" lon="139.9734004">
<time>2026-06-02T08:31:43Z</time>
<ele>62.508455534086536</ele>
</trkpt>
<trkpt lat="35.8625748" lon="139.9734133">
<time>2026-06-02T08:31:44Z</time>
<ele>62.58264841962536</ele>
</trkpt>
<trkpt lat="35.8625723" lon="139.9734253">
<time>2026-06-02T08:31:45Z</time>
<ele>62.63608844701976</ele>
</trkpt>
<trkpt lat="35.8625697" lon="139.9734361">
<time>2026-06-02T08:31:46Z</time>
<ele>62.71287847743449</ele>
</trkpt>
<trkpt lat="35.8625668" lon="139.9734529">
<time>2026-06-02T08:31:48Z</time>
<ele>62.71287847743449</ele>
</trkpt>
<trkpt lat="35.8625642" lon="139.9734702">
<time>2026-06-02T08:31:49Z</time>
<ele>62.71287847743449</ele>
</trkpt>
<trkpt lat="35.8625617" lon="139.9734832">
<time>2026-06-02T08:31:50Z</time>
<ele>62.791223871434845</ele>
</trkpt>
<trkpt lat="35.8625588" lon="139.9735036">
<time>2026-06-02T08:31:51Z</time>
<ele>62.6184498782401</ele>
</trkpt>
<trkpt lat="35.8625613" lon="139.973531">
<time>2026-06-02T08:31:53Z</time>
<ele>62.78862964166646</ele>
</trkpt>
<trkpt lat="35.8625598" lon="139.973548">
<time>2026-06-02T08:31:54Z</time>
<ele>62.72221762600728</ele>
</trkpt>
<trkpt lat="35.8625573" lon="139.9735632">
<time>2026-06-02T08:31:55Z</time>
<ele>62.63609030702783</ele>
</trkpt>
<trkpt lat="35.8625553" lon="139.9735779">
<time>2026-06-02T08:31:56Z</time>
<ele>62.67292778970072</ele>
</trkpt>
<trkpt lat="35.8625529" lon="139.9735946">
<time>2026-06-02T08:31:57Z</time>
<ele>62.642835186421976</ele>
</trkpt>
<trkpt lat="35.8625508" lon="139.9736109">
<time>2026-06-02T08:31:58Z</time>
<ele>62.67292778970072</ele>
</trkpt>
<trkpt lat="35.8625503" lon="139.9736255">
<time>2026-06-02T08:31:59Z</time>
<ele>62.582650295754746</ele>
</trkpt>
<trkpt lat="35.8625505" lon="139.9736396">
<time>2026-06-02T08:32:00Z</time>
<ele>62.63609030702783</ele>
</trkpt>
<trkpt lat="35.8625495" lon="139.973653">
<time>2026-06-02T08:32:01Z</time>
<ele>62.582650295754746</ele>
</trkpt>
<trkpt lat="35.8625469" lon="139.9736686">
<time>2026-06-02T08:32:02Z</time>
<ele>62.60651666752001</ele>
</trkpt>
<trkpt lat="35.8625441" lon="139.9736844">
<time>2026-06-02T08:32:03Z</time>
<ele>62.5935364408639</ele>
</trkpt>
<trkpt lat="35.8625414" lon="139.9736991">
<time>2026-06-02T08:32:04Z</time>
<ele>62.5935364408639</ele>
</trkpt>
<trkpt lat="35.8625382" lon="139.9737153">
<time>2026-06-02T08:32:05Z</time>
<ele>62.642835186421976</ele>
</trkpt>
<trkpt lat="35.8625354" lon="139.9737291">
<time>2026-06-02T08:32:06Z</time>
<ele>62.582650295754746</ele>
</trkpt>
<trkpt lat="35.8625337" lon="139.9737437">
<time>2026-06-02T08:32:07Z</time>
<ele>62.60651666752001</ele>
</trkpt>
<trkpt lat="35.8625331" lon="139.9737613">
<time>2026-06-02T08:32:08Z</time>
<ele>62.60651666752001</ele>
</trkpt>
<trkpt lat="35.8625316" lon="139.9737792">
<time>2026-06-02T08:32:09Z</time>
<ele>62.60651666752001</ele>
</trkpt>
<trkpt lat="35.8625299" lon="139.9737994">
<time>2026-06-02T08:32:11Z</time>
<ele>62.958803959438335</ele>
</trkpt>
<trkpt lat="35.8625288" lon="139.9738112">
<time>2026-06-02T08:32:12Z</time>
<ele>63.003598522804054</ele>
</trkpt>
<trkpt lat="35.862528" lon="139.9738247">
<time>2026-06-02T08:32:13Z</time>
<ele>63.031963097139496</ele>
</trkpt>
<trkpt lat="35.862526" lon="139.9738387">
<time>2026-06-02T08:32:14Z</time>
<ele>63.031963097139496</ele>
</trkpt>
<trkpt lat="35.862524" lon="139.9738504">
<time>2026-06-02T08:32:15Z</time>
<ele>63.026774485308025</ele>
</trkpt>
<trkpt lat="35.8625221" lon="139.9738725">
<time>2026-06-02T08:32:16Z</time>
<ele>63.026774485308025</ele>
</trkpt>
<trkpt lat="35.8625185" lon="139.9738932">
<time>2026-06-02T08:32:17Z</time>
<ele>63.06326778385514</ele>
</trkpt>
<trkpt lat="35.8625176" lon="139.9739054">
<time>2026-06-02T08:32:18Z</time>
<ele>59.599998474121094</ele>
</trkpt>
<trkpt lat="35.8625178" lon="139.9739189">
<time>2026-06-02T08:32:19Z</time>
<ele>59.599998474121094</ele>
</trkpt>
<trkpt lat="35.8625194" lon="139.9739312">
<time>2026-06-02T08:32:20Z</time>
<ele>62.868176779406575</ele>
</trkpt>
<trkpt lat="35.8625238" lon="139.9739413">
<time>2026-06-02T08:32:23Z</time>
<ele>63.21477768081681</ele>
</trkpt>
<trkpt lat="35.8625148" lon="139.9739523">
<time>2026-06-02T08:32:29Z</time>
<ele>59.20000076293945</ele>
</trkpt>
<trkpt lat="35.8625113" lon="139.9739735">
<time>2026-06-02T08:32:31Z</time>
<ele>59.29999923706055</ele>
</trkpt>
<trkpt lat="35.8625089" lon="139.9739873">
<time>2026-06-02T08:32:33Z</time>
<ele>59.29999923706055</ele>
</trkpt>
<trkpt lat="35.8625071" lon="139.9740002">
<time>2026-06-02T08:32:34Z</time>
<ele>59.29999923706055</ele>
</trkpt>
<trkpt lat="35.8625018" lon="139.9740208">
<time>2026-06-02T08:32:36Z</time>
<ele>59.29999923706055</ele>
</trkpt>
<trkpt lat="35.862499" lon="139.974033">
<time>2026-06-02T08:32:37Z</time>
<ele>59.29999923706055</ele>
</trkpt>
<trkpt lat="35.8624962" lon="139.9740442">
<time>2026-06-02T08:32:38Z</time>
<ele>59.29999923706055</ele>
</trkpt>
<trkpt lat="35.8624959" lon="139.9740564">
<time>2026-06-02T08:32:39Z</time>
<ele>59.29999923706055</ele>
</trkpt>
<trkpt lat="35.8624953" lon="139.9740685">
<time>2026-06-02T08:32:40Z</time>
<ele>59.29999923706055</ele>
</trkpt>
<trkpt lat="35.8624928" lon="139.9740807">
<time>2026-06-02T08:32:41Z</time>
<ele>59.29999923706055</ele>
</trkpt>
<trkpt lat="35.8624904" lon="139.9740926">
<time>2026-06-02T08:32:42Z</time>
<ele>59.29999923706055</ele>
</trkpt>
<trkpt lat="35.8624878" lon="139.9741042">
<time>2026-06-02T08:32:43Z</time>
<ele>59.29999923706055</ele>
</trkpt>
<trkpt lat="35.8624851" lon="139.974115">
<time>2026-06-02T08:32:44Z</time>
<ele>59.29999923706055</ele>
</trkpt>
<trkpt lat="35.8624814" lon="139.9741272">
<time>2026-06-02T08:32:45Z</time>
<ele>59.29999923706055</ele>
</trkpt>
<trkpt lat="35.8624791" lon="139.9741412">
<time>2026-06-02T08:32:46Z</time>
<ele>59.29999923706055</ele>
</trkpt>
<trkpt lat="35.8624744" lon="139.9741562">
<time>2026-06-02T08:32:47Z</time>
<ele>59.29999923706055</ele>
</trkpt>
<trkpt lat="35.8624666" lon="139.9741751">
<time>2026-06-02T08:32:49Z</time>
<ele>59.29999923706055</ele>
</trkpt>
<trkpt lat="35.8624609" lon="139.9741936">
<time>2026-06-02T08:32:50Z</time>
<ele>59.29999923706055</ele>
</trkpt>
<trkpt lat="35.8624583" lon="139.974209">
<time>2026-06-02T08:32:51Z</time>
<ele>59.29999923706055</ele>
</trkpt>
<trkpt lat="35.8624561" lon="139.9742258">
<time>2026-06-02T08:32:52Z</time>
<ele>59.29999923706055</ele>
</trkpt>
<trkpt lat="35.8624553" lon="139.9742437">
<time>2026-06-02T08:32:53Z</time>
<ele>59.29999923706055</ele>
</trkpt>
<trkpt lat="35.8624549" lon="139.9742649">
<time>2026-06-02T08:32:54Z</time>
<ele>59.29999923706055</ele>
</trkpt>
<trkpt lat="35.862454" lon="139.974283">
<time>2026-06-02T08:32:55Z</time>
<ele>59.39999771118164</ele>
</trkpt>
<trkpt lat="35.862453" lon="139.974298">
<time>2026-06-02T08:32:56Z</time>
<ele>59.39999771118164</ele>
</trkpt>
<trkpt lat="35.8624511" lon="139.9743108">
<time>2026-06-02T08:32:57Z</time>
<ele>59.39999771118164</ele>
</trkpt>
<trkpt lat="35.8624494" lon="139.9743248">
<time>2026-06-02T08:32:58Z</time>
<ele>59.39999771118164</ele>
</trkpt>
<trkpt lat="35.8624479" lon="139.9743379">
<time>2026-06-02T08:32:59Z</time>
<ele>59.39999771118164</ele>
</trkpt>
<trkpt lat="35.8624465" lon="139.9743503">
<time>2026-06-02T08:33:00Z</time>
<ele>59.39999771118164</ele>
</trkpt>
<trkpt lat="35.8624455" lon="139.9743636">
<time>2026-06-02T08:33:01Z</time>
<ele>59.39999771118164</ele>
</trkpt>
<trkpt lat="35.862445" lon="139.974376">
<time>2026-06-02T08:33:02Z</time>
<ele>59.39999771118164</ele>
</trkpt>
<trkpt lat="35.8624461" lon="139.9743921">
<time>2026-06-02T08:33:03Z</time>
<ele>59.39999771118164</ele>
</trkpt>
<trkpt lat="35.8624456" lon="139.974405">
<time>2026-06-02T08:33:04Z</time>
<ele>59.39999771118164</ele>
</trkpt>
<trkpt lat="35.8624442" lon="139.9744191">
<time>2026-06-02T08:33:05Z</time>
<ele>59.39999771118164</ele>
</trkpt>
<trkpt lat="35.8624421" lon="139.9744336">
<time>2026-06-02T08:33:06Z</time>
<ele>59.39999771118164</ele>
</trkpt>
<trkpt lat="35.8624413" lon="139.9744469">
<time>2026-06-02T08:33:07Z</time>
<ele>59.39999771118164</ele>
</trkpt>
<trkpt lat="35.8624403" lon="139.9744587">
<time>2026-06-02T08:33:08Z</time>
<ele>59.39999771118164</ele>
</trkpt>
<trkpt lat="35.8624397" lon="139.9744747">
<time>2026-06-02T08:33:10Z</time>
<ele>59.39999771118164</ele>
</trkpt>
<trkpt lat="35.8624407" lon="139.9744925">
<time>2026-06-02T08:33:11Z</time>
<ele>59.39999771118164</ele>
</trkpt>
<trkpt lat="35.8624376" lon="139.9745116">
<time>2026-06-02T08:33:12Z</time>
<ele>59.39999771118164</ele>
</trkpt>
<trkpt lat="35.8624351" lon="139.9745277">
<time>2026-06-02T08:33:13Z</time>
<ele>59.39999771118164</ele>
</trkpt>
<trkpt lat="35.8624338" lon="139.974541">
<time>2026-06-02T08:33:14Z</time>
<ele>59.39999771118164</ele>
</trkpt>
<trkpt lat="35.8624313" lon="139.9745539">
<time>2026-06-02T08:33:15Z</time>
<ele>59.39999771118164</ele>
</trkpt>
<trkpt lat="35.8624289" lon="139.974566">
<time>2026-06-02T08:33:16Z</time>
<ele>59.39999771118164</ele>
</trkpt>
<trkpt lat="35.8624276" lon="139.9745788">
<time>2026-06-02T08:33:17Z</time>
<ele>59.39999771118164</ele>
</trkpt>
<trkpt lat="35.8624275" lon="139.9745958">
<time>2026-06-02T08:33:18Z</time>
<ele>59.29999923706055</ele>
</trkpt>
<trkpt lat="35.8624264" lon="139.9746128">
<time>2026-06-02T08:33:19Z</time>
<ele>59.29999923706055</ele>
</trkpt>
<trkpt lat="35.8624257" lon="139.9746266">
<time>2026-06-02T08:33:20Z</time>
<ele>59.29999923706055</ele>
</trkpt>
<trkpt lat="35.8624253" lon="139.9746391">
<time>2026-06-02T08:33:21Z</time>
<ele>59.29999923706055</ele>
</trkpt>
<trkpt lat="35.8624251" lon="139.9746526">
<time>2026-06-02T08:33:22Z</time>
<ele>59.29999923706055</ele>
</trkpt>
<trkpt lat="35.8624238" lon="139.9746658">
<time>2026-06-02T08:33:23Z</time>
<ele>59.29999923706055</ele>
</trkpt>
<trkpt lat="35.8624224" lon="139.9746817">
<time>2026-06-02T08:33:24Z</time>
<ele>59.29999923706055</ele>
</trkpt>
<trkpt lat="35.8624221" lon="139.9746959">
<time>2026-06-02T08:33:25Z</time>
<ele>59.29999923706055</ele>
</trkpt>
<trkpt lat="35.8624223" lon="139.9747086">
<time>2026-06-02T08:33:26Z</time>
<ele>59.39999771118164</ele>
</trkpt>
<trkpt lat="35.8624211" lon="139.9747236">
<time>2026-06-02T08:33:27Z</time>
<ele>59.39999771118164</ele>
</trkpt>
<trkpt lat="35.8624201" lon="139.9747385">
<time>2026-06-02T08:33:28Z</time>
<ele>59.39999771118164</ele>
</trkpt>
<trkpt lat="35.8624195" lon="139.9747513">
<time>2026-06-02T08:33:29Z</time>
<ele>59.39999771118164</ele>
</trkpt>
<trkpt lat="35.8624168" lon="139.9747732">
<time>2026-06-02T08:33:31Z</time>
<ele>59.39999771118164</ele>
</trkpt>
<trkpt lat="35.8624152" lon="139.9747845">
<time>2026-06-02T08:33:32Z</time>
<ele>59.39999771118164</ele>
</trkpt>
<trkpt lat="35.8624136" lon="139.9747986">
<time>2026-06-02T08:33:33Z</time>
<ele>59.39999771118164</ele>
</trkpt>
<trkpt lat="35.8624121" lon="139.9748101">
<time>2026-06-02T08:33:34Z</time>
<ele>59.39999771118164</ele>
</trkpt>
<trkpt lat="35.8624103" lon="139.9748247">
<time>2026-06-02T08:33:35Z</time>
<ele>59.39999771118164</ele>
</trkpt>
<trkpt lat="35.8624093" lon="139.9748405">
<time>2026-06-02T08:33:36Z</time>
<ele>59.39999771118164</ele>
</trkpt>
<trkpt lat="35.8624093" lon="139.9748529">
<time>2026-06-02T08:33:37Z</time>
<ele>59.39999771118164</ele>
</trkpt>
<trkpt lat="35.8624081" lon="139.9748678">
<time>2026-06-02T08:33:38Z</time>
<ele>59.39999771118164</ele>
</trkpt>
<trkpt lat="35.8624073" lon="139.9748817">
<time>2026-06-02T08:33:39Z</time>
<ele>59.39999771118164</ele>
</trkpt>
<trkpt lat="35.8624047" lon="139.9748924">
<time>2026-06-02T08:33:40Z</time>
<ele>59.39999771118164</ele>
</trkpt>
<trkpt lat="35.8624013" lon="139.9749055">
<time>2026-06-02T08:33:41Z</time>
<ele>59.39999771118164</ele>
</trkpt>
<trkpt lat="35.8624013" lon="139.9749213">
<time>2026-06-02T08:33:43Z</time>
<ele>59.70000076293945</ele>
</trkpt>
<trkpt lat="35.8623989" lon="139.9749328">
<time>2026-06-02T08:33:44Z</time>
<ele>59.70000076293945</ele>
</trkpt>
<trkpt lat="35.8623961" lon="139.9749439">
<time>2026-06-02T08:33:45Z</time>
<ele>59.70000076293945</ele>
</trkpt>
<trkpt lat="35.8623938" lon="139.974967">
<time>2026-06-02T08:33:47Z</time>
<ele>59.70000076293945</ele>
</trkpt>
<trkpt lat="35.8623886" lon="139.9749875">
<time>2026-06-02T08:33:49Z</time>
<ele>59.70000076293945</ele>
</trkpt>
<trkpt lat="35.8623934" lon="139.974997">
<time>2026-06-02T08:33:52Z</time>
<ele>59.39999771118164</ele>
</trkpt>
<trkpt lat="35.8623898" lon="139.9750143">
<time>2026-06-02T08:33:54Z</time>
<ele>59.39999771118164</ele>
</trkpt>
<trkpt lat="35.8623878" lon="139.9750333">
<time>2026-06-02T08:33:56Z</time>
<ele>59.39999771118164</ele>
</trkpt>
<trkpt lat="35.8623892" lon="139.9750482">
<time>2026-06-02T08:33:57Z</time>
<ele>59.599998474121094</ele>
</trkpt>
<trkpt lat="35.8623893" lon="139.9750625">
<time>2026-06-02T08:33:58Z</time>
<ele>59.599998474121094</ele>
</trkpt>
<trkpt lat="35.8623884" lon="139.975075">
<time>2026-06-02T08:33:59Z</time>
<ele>59.599998474121094</ele>
</trkpt>
<trkpt lat="35.8623873" lon="139.9750904">
<time>2026-06-02T08:34:00Z</time>
<ele>59.599998474121094</ele>
</trkpt>
<trkpt lat="35.8623857" lon="139.9751034">
<time>2026-06-02T08:34:01Z</time>
<ele>59.599998474121094</ele>
</trkpt>
<trkpt lat="35.8623847" lon="139.9751178">
<time>2026-06-02T08:34:02Z</time>
<ele>59.599998474121094</ele>
</trkpt>
<trkpt lat="35.8623822" lon="139.9751313">
<time>2026-06-02T08:34:03Z</time>
<ele>59.599998474121094</ele>
</trkpt>
<trkpt lat="35.86238" lon="139.9751429">
<time>2026-06-02T08:34:04Z</time>
<ele>59.599998474121094</ele>
</trkpt>
<trkpt lat="35.8623783" lon="139.9751558">
<time>2026-06-02T08:34:05Z</time>
<ele>61.0</ele>
</trkpt>
<trkpt lat="35.8623767" lon="139.9751686">
<time>2026-06-02T08:34:06Z</time>
<ele>61.0</ele>
</trkpt>
<trkpt lat="35.8623753" lon="139.975182">
<time>2026-06-02T08:34:07Z</time>
<ele>61.0</ele>
</trkpt>
<trkpt lat="35.8623735" lon="139.9751973">
<time>2026-06-02T08:34:08Z</time>
<ele>61.0</ele>
</trkpt>
<trkpt lat="35.8623712" lon="139.975213">
<time>2026-06-02T08:34:09Z</time>
<ele>61.0</ele>
</trkpt>
<trkpt lat="35.8623704" lon="139.9752283">
<time>2026-06-02T08:34:10Z</time>
<ele>61.0</ele>
</trkpt>
<trkpt lat="35.8623713" lon="139.9752453">
<time>2026-06-02T08:34:11Z</time>
<ele>61.0</ele>
</trkpt>
<trkpt lat="35.862376" lon="139.9752715">
<time>2026-06-02T08:34:12Z</time>
<ele>61.39999771118164</ele>
</trkpt>
<trkpt lat="35.8623797" lon="139.9752922">
<time>2026-06-02T08:34:13Z</time>
<ele>61.39999771118164</ele>
</trkpt>
<trkpt lat="35.8623767" lon="139.9753083">
<time>2026-06-02T08:34:14Z</time>
<ele>61.39999771118164</ele>
</trkpt>
<trkpt lat="35.8623726" lon="139.9753233">
<time>2026-06-02T08:34:15Z</time>
<ele>61.39999771118164</ele>
</trkpt>
<trkpt lat="35.8623697" lon="139.9753381">
<time>2026-06-02T08:34:16Z</time>
<ele>61.39999771118164</ele>
</trkpt>
<trkpt lat="35.8623679" lon="139.9753527">
<time>2026-06-02T08:34:17Z</time>
<ele>61.39999771118164</ele>
</trkpt>
<trkpt lat="35.8623666" lon="139.975366">
<time>2026-06-02T08:34:18Z</time>
<ele>61.39999771118164</ele>
</trkpt>
<trkpt lat="35.8623638" lon="139.9753923">
<time>2026-06-02T08:34:20Z</time>
<ele>61.0</ele>
</trkpt>
<trkpt lat="35.8623608" lon="139.9754094">
<time>2026-06-02T08:34:21Z</time>
<ele>61.0</ele>
</trkpt>
<trkpt lat="35.8623567" lon="139.9754235">
<time>2026-06-02T08:34:22Z</time>
<ele>61.0</ele>
</trkpt>
<trkpt lat="35.8623501" lon="139.9754363">
<time>2026-06-02T08:34:23Z</time>
<ele>61.0</ele>
</trkpt>
<trkpt lat="35.8623404" lon="139.975443">
<time>2026-06-02T08:34:24Z</time>
<ele>61.0</ele>
</trkpt>
<trkpt lat="35.86233" lon="139.9754473">
<time>2026-06-02T08:34:25Z</time>
<ele>61.0</ele>
</trkpt>
<trkpt lat="35.8623216" lon="139.9754569">
<time>2026-06-02T08:34:27Z</time>
<ele>61.0</ele>
</trkpt>
<trkpt lat="35.8623187" lon="139.9754421">
<time>2026-06-02T08:34:30Z</time>
<ele>59.599998474121094</ele>
</trkpt>
<trkpt lat="35.8623202" lon="139.9754291">
<time>2026-06-02T08:34:33Z</time>
<ele>59.599998474121094</ele>
</trkpt>
<trkpt lat="35.8623286" lon="139.9754228">
<time>2026-06-02T08:34:42Z</time>
<ele>61.70000076293945</ele>
</trkpt>
<trkpt lat="35.8623183" lon="139.9754274">
<time>2026-06-02T08:34:48Z</time>
<ele>59.29999923706055</ele>
</trkpt>
<trkpt lat="35.8623066" lon="139.9754257">
<time>2026-06-02T08:34:50Z</time>
<ele>59.29999923706055</ele>
</trkpt>
<trkpt lat="35.8622936" lon="139.9754204">
<time>2026-06-02T08:34:52Z</time>
<ele>61.70000076293945</ele>
</trkpt>
<trkpt lat="35.862283" lon="139.9754159">
<time>2026-06-02T08:34:54Z</time>
<ele>61.70000076293945</ele>
</trkpt>
<trkpt lat="35.8622975" lon="139.9754203">
<time>2026-06-02T08:34:57Z</time>
<ele>61.70000076293945</ele>
</trkpt>
<trkpt lat="35.8623081" lon="139.9754261">
<time>2026-06-02T08:34:59Z</time>
<ele>61.0</ele>
</trkpt>
<trkpt lat="35.8623003" lon="139.9754194">
<time>2026-06-02T08:35:09Z</time>
<ele>60.79999923706055</ele>
</trkpt>
<trkpt lat="35.8622893" lon="139.975417">
<time>2026-06-02T08:35:16Z</time>
<ele>61.70000076293945</ele>
</trkpt>
<trkpt lat="35.8622767" lon="139.9754265">
<time>2026-06-02T08:35:25Z</time>
<ele>61.70000076293945</ele>
</trkpt>
<trkpt lat="35.8622949" lon="139.9754615">
<time>2026-06-02T08:35:28Z</time>
<ele>59.29999923706055</ele>
</trkpt>
<trkpt lat="35.8623298" lon="139.9754924">
<time>2026-06-02T08:35:29Z</time>
<ele>59.29999923706055</ele>
</trkpt>
<trkpt lat="35.8623486" lon="139.9755071">
<time>2026-06-02T08:35:30Z</time>
<ele>59.29999923706055</ele>
</trkpt>
<trkpt lat="35.8623392" lon="139.9755266">
<time>2026-06-02T08:35:32Z</time>
<ele>59.29999923706055</ele>
</trkpt>
<trkpt lat="35.8623301" lon="139.9755363">
<time>2026-06-02T08:35:33Z</time>
<ele>59.29999923706055</ele>
</trkpt>
<trkpt lat="35.8623176" lon="139.9755467">
<time>2026-06-02T08:35:34Z</time>
<ele>59.29999923706055</ele>
</trkpt>
<trkpt lat="35.8623045" lon="139.9755558">
<time>2026-06-02T08:35:35Z</time>
<ele>59.29999923706055</ele>
</trkpt>
<trkpt lat="35.862292" lon="139.9755625">
<time>2026-06-02T08:35:36Z</time>
<ele>59.29999923706055</ele>
</trkpt>
<trkpt lat="35.8622761" lon="139.9755576">
<time>2026-06-02T08:35:37Z</time>
<ele>59.70000076293945</ele>
</trkpt>
<trkpt lat="35.8622588" lon="139.9755542">
<time>2026-06-02T08:35:38Z</time>
<ele>59.70000076293945</ele>
</trkpt>
<trkpt lat="35.8622434" lon="139.9755557">
<time>2026-06-02T08:35:39Z</time>
<ele>59.70000076293945</ele>
</trkpt>
<trkpt lat="35.8622268" lon="139.975554">
<time>2026-06-02T08:35:40Z</time>
<ele>59.70000076293945</ele>
</trkpt>
<trkpt lat="35.8622107" lon="139.9755462">
<time>2026-06-02T08:35:41Z</time>
<ele>59.70000076293945</ele>
</trkpt>
<trkpt lat="35.8621963" lon="139.9755294">
<time>2026-06-02T08:35:42Z</time>
<ele>59.70000076293945</ele>
</trkpt>
<trkpt lat="35.8621825" lon="139.9755194">
<time>2026-06-02T08:35:43Z</time>
<ele>59.70000076293945</ele>
</trkpt>
<trkpt lat="35.8621667" lon="139.9755128">
<time>2026-06-02T08:35:44Z</time>
<ele>59.70000076293945</ele>
</trkpt>
<trkpt lat="35.862156" lon="139.9755055">
<time>2026-06-02T08:35:45Z</time>
<ele>59.70000076293945</ele>
</trkpt>
<trkpt lat="35.8621447" lon="139.9754993">
<time>2026-06-02T08:35:46Z</time>
<ele>59.70000076293945</ele>
</trkpt>
<trkpt lat="35.862127" lon="139.9754911">
<time>2026-06-02T08:35:47Z</time>
<ele>60.20000076293945</ele>
</trkpt>
<trkpt lat="35.8621064" lon="139.9754836">
<time>2026-06-02T08:35:48Z</time>
<ele>60.20000076293945</ele>
</trkpt>
<trkpt lat="35.8620933" lon="139.975478">
<time>2026-06-02T08:35:49Z</time>
<ele>60.20000076293945</ele>
</trkpt>
<trkpt lat="35.8620787" lon="139.9754715">
<time>2026-06-02T08:35:50Z</time>
<ele>60.20000076293945</ele>
</trkpt>
<trkpt lat="35.862063" lon="139.9754638">
<time>2026-06-02T08:35:51Z</time>
<ele>60.20000076293945</ele>
</trkpt>
<trkpt lat="35.8620483" lon="139.9754561">
<time>2026-06-02T08:35:52Z</time>
<ele>60.20000076293945</ele>
</trkpt>
<trkpt lat="35.862036" lon="139.975449">
<time>2026-06-02T08:35:53Z</time>
<ele>60.20000076293945</ele>
</trkpt>
<trkpt lat="35.862028" lon="139.9754428">
<time>2026-06-02T08:35:54Z</time>
<ele>60.20000076293945</ele>
</trkpt>
<trkpt lat="35.8620128" lon="139.9754335">
<time>2026-06-02T08:35:55Z</time>
<ele>59.70000076293945</ele>
</trkpt>
<trkpt lat="35.8620008" lon="139.9754277">
<time>2026-06-02T08:35:56Z</time>
<ele>59.70000076293945</ele>
</trkpt>
<trkpt lat="35.8619907" lon="139.9754233">
<time>2026-06-02T08:35:58Z</time>
<ele>60.20000076293945</ele>
</trkpt>
<trkpt lat="35.8619806" lon="139.9754133">
<time>2026-06-02T08:36:00Z</time>
<ele>60.20000076293945</ele>
</trkpt>
<trkpt lat="35.861971" lon="139.9754022">
<time>2026-06-02T08:36:01Z</time>
<ele>61.70000076293945</ele>
</trkpt>
<trkpt lat="35.8619594" lon="139.9753935">
<time>2026-06-02T08:36:02Z</time>
<ele>60.20000076293945</ele>
</trkpt>
<trkpt lat="35.8619417" lon="139.9753825">
<time>2026-06-02T08:36:03Z</time>
<ele>60.20000076293945</ele>
</trkpt>
<trkpt lat="35.8619316" lon="139.9753769">
<time>2026-06-02T08:36:04Z</time>
<ele>60.20000076293945</ele>
</trkpt>
<trkpt lat="35.8619209" lon="139.9753753">
<time>2026-06-02T08:36:05Z</time>
<ele>60.20000076293945</ele>
</trkpt>
<trkpt lat="35.8619046" lon="139.9753718">
<time>2026-06-02T08:36:06Z</time>
<ele>60.20000076293945</ele>
</trkpt>
<trkpt lat="35.8618954" lon="139.9753704">
<time>2026-06-02T08:36:07Z</time>
<ele>60.20000076293945</ele>
</trkpt>
<trkpt lat="35.8618784" lon="139.975365">
<time>2026-06-02T08:36:09Z</time>
<ele>60.20000076293945</ele>
</trkpt>
<trkpt lat="35.8618658" lon="139.9753646">
<time>2026-06-02T08:36:10Z</time>
<ele>60.20000076293945</ele>
</trkpt>
<trkpt lat="35.8618526" lon="139.9753644">
<time>2026-06-02T08:36:11Z</time>
<ele>60.20000076293945</ele>
</trkpt>
<trkpt lat="35.8618412" lon="139.9753634">
<time>2026-06-02T08:36:12Z</time>
<ele>60.20000076293945</ele>
</trkpt>
<trkpt lat="35.861828" lon="139.975361">
<time>2026-06-02T08:36:13Z</time>
<ele>60.20000076293945</ele>
</trkpt>
<trkpt lat="35.8618136" lon="139.9753587">
<time>2026-06-02T08:36:14Z</time>
<ele>60.20000076293945</ele>
</trkpt>
<trkpt lat="35.8618" lon="139.975356">
<time>2026-06-02T08:36:15Z</time>
<ele>60.20000076293945</ele>
</trkpt>
<trkpt lat="35.8617871" lon="139.9753535">
<time>2026-06-02T08:36:16Z</time>
<ele>60.20000076293945</ele>
</trkpt>
<trkpt lat="35.8617736" lon="139.9753484">
<time>2026-06-02T08:36:17Z</time>
<ele>60.20000076293945</ele>
</trkpt>
<trkpt lat="35.861756" lon="139.9753428">
<time>2026-06-02T08:36:18Z</time>
<ele>61.70000076293945</ele>
</trkpt>
<trkpt lat="35.8617423" lon="139.9753387">
<time>2026-06-02T08:36:19Z</time>
<ele>61.70000076293945</ele>
</trkpt>
<trkpt lat="35.8617297" lon="139.9753344">
<time>2026-06-02T08:36:20Z</time>
<ele>61.70000076293945</ele>
</trkpt>
<trkpt lat="35.861717" lon="139.9753304">
<time>2026-06-02T08:36:22Z</time>
<ele>61.70000076293945</ele>
</trkpt>
<trkpt lat="35.8617046" lon="139.9753265">
<time>2026-06-02T08:36:23Z</time>
<ele>61.70000076293945</ele>
</trkpt>
<trkpt lat="35.8616916" lon="139.9753221">
<time>2026-06-02T08:36:24Z</time>
<ele>61.70000076293945</ele>
</trkpt>
<trkpt lat="35.8616788" lon="139.9753185">
<time>2026-06-02T08:36:25Z</time>
<ele>61.70000076293945</ele>
</trkpt>
<trkpt lat="35.8616632" lon="139.9753159">
<time>2026-06-02T08:36:26Z</time>
<ele>59.89999771118164</ele>
</trkpt>
<trkpt lat="35.86165" lon="139.9753132">
<time>2026-06-02T08:36:27Z</time>
<ele>59.89999771118164</ele>
</trkpt>
<trkpt lat="35.8616365" lon="139.9753114">
<time>2026-06-02T08:36:28Z</time>
<ele>59.89999771118164</ele>
</trkpt>
<trkpt lat="35.8616242" lon="139.9753072">
<time>2026-06-02T08:36:29Z</time>
<ele>59.89999771118164</ele>
</trkpt>
<trkpt lat="35.8616143" lon="139.9753033">
<time>2026-06-02T08:36:30Z</time>
<ele>59.89999771118164</ele>
</trkpt>
<trkpt lat="35.8616009" lon="139.9752904">
<time>2026-06-02T08:36:32Z</time>
<ele>59.89999771118164</ele>
</trkpt>
<trkpt lat="35.8615869" lon="139.9752762">
<time>2026-06-02T08:36:34Z</time>
<ele>59.79999923706055</ele>
</trkpt>
<trkpt lat="35.8615782" lon="139.9752721">
<time>2026-06-02T08:36:35Z</time>
<ele>59.79999923706055</ele>
</trkpt>
<trkpt lat="35.8615693" lon="139.9752688">
<time>2026-06-02T08:36:36Z</time>
<ele>59.79999923706055</ele>
</trkpt>
<trkpt lat="35.861559" lon="139.9752637">
<time>2026-06-02T08:36:37Z</time>
<ele>59.79999923706055</ele>
</trkpt>
<trkpt lat="35.8615357" lon="139.9752517">
<time>2026-06-02T08:36:39Z</time>
<ele>59.79999923706055</ele>
</trkpt>
<trkpt lat="35.8615227" lon="139.975247">
<time>2026-06-02T08:36:40Z</time>
<ele>59.79999923706055</ele>
</trkpt>
<trkpt lat="35.8615137" lon="139.975246">
<time>2026-06-02T08:36:41Z</time>
<ele>59.79999923706055</ele>
</trkpt>
<trkpt lat="35.8615026" lon="139.9752437">
<time>2026-06-02T08:36:42Z</time>
<ele>59.79999923706055</ele>
</trkpt>
<trkpt lat="35.8614898" lon="139.9752391">
<time>2026-06-02T08:36:43Z</time>
<ele>59.79999923706055</ele>
</trkpt>
<trkpt lat="35.8614767" lon="139.9752329">
<time>2026-06-02T08:36:45Z</time>
<ele>59.79999923706055</ele>
</trkpt>
<trkpt lat="35.8614635" lon="139.9752258">
<time>2026-06-02T08:36:46Z</time>
<ele>59.79999923706055</ele>
</trkpt>
<trkpt lat="35.8614507" lon="139.9752202">
<time>2026-06-02T08:36:47Z</time>
<ele>59.79999923706055</ele>
</trkpt>
<trkpt lat="35.861439" lon="139.9752139">
<time>2026-06-02T08:36:48Z</time>
<ele>59.79999923706055</ele>
</trkpt>
<trkpt lat="35.8614253" lon="139.9752083">
<time>2026-06-02T08:36:50Z</time>
<ele>60.0</ele>
</trkpt>
<trkpt lat="35.8614133" lon="139.9752021">
<time>2026-06-02T08:36:51Z</time>
<ele>60.0</ele>
</trkpt>
<trkpt lat="35.8614011" lon="139.9751952">
<time>2026-06-02T08:36:52Z</time>
<ele>60.0</ele>
</trkpt>
<trkpt lat="35.8613901" lon="139.9751877">
<time>2026-06-02T08:36:53Z</time>
<ele>60.0</ele>
</trkpt>
<trkpt lat="35.8613767" lon="139.9751796">
<time>2026-06-02T08:36:54Z</time>
<ele>60.0</ele>
</trkpt>
<trkpt lat="35.861365" lon="139.9751731">
<time>2026-06-02T08:36:55Z</time>
<ele>60.0</ele>
</trkpt>
<trkpt lat="35.8613547" lon="139.9751671">
<time>2026-06-02T08:36:56Z</time>
<ele>60.0</ele>
</trkpt>
<trkpt lat="35.8613415" lon="139.9751627">
<time>2026-06-02T08:36:58Z</time>
<ele>59.79999923706055</ele>
</trkpt>
<trkpt lat="35.8613294" lon="139.9751589">
<time>2026-06-02T08:36:59Z</time>
<ele>59.79999923706055</ele>
</trkpt>
<trkpt lat="35.8613163" lon="139.9751579">
<time>2026-06-02T08:37:00Z</time>
<ele>59.79999923706055</ele>
</trkpt>
<trkpt lat="35.8613029" lon="139.9751584">
<time>2026-06-02T08:37:01Z</time>
<ele>59.79999923706055</ele>
</trkpt>
<trkpt lat="35.8612901" lon="139.9751564">
<time>2026-06-02T08:37:02Z</time>
<ele>59.79999923706055</ele>
</trkpt>
<trkpt lat="35.8612763" lon="139.9751527">
<time>2026-06-02T08:37:03Z</time>
<ele>59.79999923706055</ele>
</trkpt>
<trkpt lat="35.8612629" lon="139.975149">
<time>2026-06-02T08:37:04Z</time>
<ele>60.0</ele>
</trkpt>
<trkpt lat="35.8612452" lon="139.9751436">
<time>2026-06-02T08:37:05Z</time>
<ele>60.0</ele>
</trkpt>
<trkpt lat="35.8612305" lon="139.9751361">
<time>2026-06-02T08:37:06Z</time>
<ele>59.79999923706055</ele>
</trkpt>
<trkpt lat="35.8612177" lon="139.9751266">
<time>2026-06-02T08:37:07Z</time>
<ele>59.79999923706055</ele>
</trkpt>
<trkpt lat="35.8612095" lon="139.9751192">
<time>2026-06-02T08:37:09Z</time>
<ele>59.79999923706055</ele>
</trkpt>
<trkpt lat="35.8612022" lon="139.9751014">
<time>2026-06-02T08:37:11Z</time>
<ele>59.79999923706055</ele>
</trkpt>
<trkpt lat="35.8611907" lon="139.9750921">
<time>2026-06-02T08:37:12Z</time>
<ele>59.79999923706055</ele>
</trkpt>
<trkpt lat="35.861181" lon="139.9750795">
<time>2026-06-02T08:37:14Z</time>
<ele>59.79999923706055</ele>
</trkpt>
<trkpt lat="35.8611731" lon="139.9750727">
<time>2026-06-02T08:37:16Z</time>
<ele>59.79999923706055</ele>
</trkpt>
<trkpt lat="35.8611625" lon="139.975065">
<time>2026-06-02T08:37:18Z</time>
<ele>60.0</ele>
</trkpt>
<trkpt lat="35.8611502" lon="139.975053">
<time>2026-06-02T08:37:21Z</time>
<ele>59.79999923706055</ele>
</trkpt>
<trkpt lat="35.861141" lon="139.9750484">
<time>2026-06-02T08:37:22Z</time>
<ele>59.79999923706055</ele>
</trkpt>
<trkpt lat="35.8611301" lon="139.9750445">
<time>2026-06-02T08:37:23Z</time>
<ele>59.79999923706055</ele>
</trkpt>
<trkpt lat="35.8611197" lon="139.9750381">
<time>2026-06-02T08:37:24Z</time>
<ele>59.79999923706055</ele>
</trkpt>
<trkpt lat="35.8611104" lon="139.9750286">
<time>2026-06-02T08:37:25Z</time>
<ele>59.79999923706055</ele>
</trkpt>
<trkpt lat="35.8610997" lon="139.975018">
<time>2026-06-02T08:37:26Z</time>
<ele>59.79999923706055</ele>
</trkpt>
<trkpt lat="35.8610903" lon="139.9750073">
<time>2026-06-02T08:37:27Z</time>
<ele>59.79999923706055</ele>
</trkpt>
<trkpt lat="35.8610835" lon="139.9749947">
<time>2026-06-02T08:37:28Z</time>
<ele>59.79999923706055</ele>
</trkpt>
<trkpt lat="35.8610735" lon="139.9749866">
<time>2026-06-02T08:37:29Z</time>
<ele>59.79999923706055</ele>
</trkpt>
<trkpt lat="35.8610655" lon="139.9749781">
<time>2026-06-02T08:37:30Z</time>
<ele>59.79999923706055</ele>
</trkpt>
<trkpt lat="35.8610565" lon="139.9749683">
<time>2026-06-02T08:37:31Z</time>
<ele>59.79999923706055</ele>
</trkpt>
<trkpt lat="35.8610486" lon="139.9749582">
<time>2026-06-02T08:37:32Z</time>
<ele>59.79999923706055</ele>
</trkpt>
<trkpt lat="35.8610402" lon="139.9749467">
<time>2026-06-02T08:37:33Z</time>
<ele>59.79999923706055</ele>
</trkpt>
<trkpt lat="35.8610325" lon="139.9749343">
<time>2026-06-02T08:37:34Z</time>
<ele>59.79999923706055</ele>
</trkpt>
<trkpt lat="35.8610251" lon="139.9749224">
<time>2026-06-02T08:37:35Z</time>
<ele>59.79999923706055</ele>
</trkpt>
<trkpt lat="35.8610183" lon="139.9749115">
<time>2026-06-02T08:37:36Z</time>
<ele>59.79999923706055</ele>
</trkpt>
<trkpt lat="35.8610125" lon="139.9749009">
<time>2026-06-02T08:37:37Z</time>
<ele>59.79999923706055</ele>
</trkpt>
<trkpt lat="35.8610067" lon="139.9748912">
<time>2026-06-02T08:37:38Z</time>
<ele>59.79999923706055</ele>
</trkpt>
<trkpt lat="35.8610005" lon="139.9748823">
<time>2026-06-02T08:37:39Z</time>
<ele>59.79999923706055</ele>
</trkpt>
<trkpt lat="35.8609947" lon="139.9748728">
<time>2026-06-02T08:37:40Z</time>
<ele>59.79999923706055</ele>
</trkpt>
<trkpt lat="35.8609869" lon="139.9748585">
<time>2026-06-02T08:37:41Z</time>
<ele>59.79999923706055</ele>
</trkpt>
<trkpt lat="35.8609797" lon="139.974847">
<time>2026-06-02T08:37:42Z</time>
<ele>59.79999923706055</ele>
</trkpt>
<trkpt lat="35.8609739" lon="139.9748366">
<time>2026-06-02T08:37:43Z</time>
<ele>59.79999923706055</ele>
</trkpt>
<trkpt lat="35.8609673" lon="139.9748254">
<time>2026-06-02T08:37:44Z</time>
<ele>59.79999923706055</ele>
</trkpt>
<trkpt lat="35.8609605" lon="139.9748127">
<time>2026-06-02T08:37:45Z</time>
<ele>59.79999923706055</ele>
</trkpt>
<trkpt lat="35.8609543" lon="139.9747999">
<time>2026-06-02T08:37:46Z</time>
<ele>59.79999923706055</ele>
</trkpt>
<trkpt lat="35.8609485" lon="139.9747851">
<time>2026-06-02T08:37:47Z</time>
<ele>59.79999923706055</ele>
</trkpt>
<trkpt lat="35.8609357" lon="139.9747734">
<time>2026-06-02T08:37:48Z</time>
<ele>59.79999923706055</ele>
</trkpt>
<trkpt lat="35.8609282" lon="139.9747617">
<time>2026-06-02T08:37:49Z</time>
<ele>59.79999923706055</ele>
</trkpt>
<trkpt lat="35.8609146" lon="139.9747479">
<time>2026-06-02T08:37:51Z</time>
<ele>59.79999923706055</ele>
</trkpt>
<trkpt lat="35.860905" lon="139.9747319">
<time>2026-06-02T08:37:53Z</time>
<ele>59.79999923706055</ele>
</trkpt>
<trkpt lat="35.8608958" lon="139.9747129">
<time>2026-06-02T08:37:55Z</time>
<ele>59.79999923706055</ele>
</trkpt>
<trkpt lat="35.8608908" lon="139.9746998">
<time>2026-06-02T08:37:56Z</time>
<ele>59.79999923706055</ele>
</trkpt>
<trkpt lat="35.8608851" lon="139.9746881">
<time>2026-06-02T08:37:57Z</time>
<ele>59.79999923706055</ele>
</trkpt>
<trkpt lat="35.8608777" lon="139.9746754">
<time>2026-06-02T08:37:58Z</time>
<ele>59.79999923706055</ele>
</trkpt>
<trkpt lat="35.8608703" lon="139.9746622">
<time>2026-06-02T08:37:59Z</time>
<ele>59.79999923706055</ele>
</trkpt>
<trkpt lat="35.860862" lon="139.9746477">
<time>2026-06-02T08:38:00Z</time>
<ele>59.79999923706055</ele>
</trkpt>
<trkpt lat="35.860854" lon="139.9746336">
<time>2026-06-02T08:38:01Z</time>
<ele>59.79999923706055</ele>
</trkpt>
<trkpt lat="35.8608439" lon="139.9746201">
<time>2026-06-02T08:38:02Z</time>
<ele>59.79999923706055</ele>
</trkpt>
<trkpt lat="35.860835" lon="139.9746104">
<time>2026-06-02T08:38:03Z</time>
<ele>59.79999923706055</ele>
</trkpt>
<trkpt lat="35.8608283" lon="139.9746012">
<time>2026-06-02T08:38:04Z</time>
<ele>59.79999923706055</ele>
</trkpt>
<trkpt lat="35.8608181" lon="139.9745868">
<time>2026-06-02T08:38:06Z</time>
<ele>59.79999923706055</ele>
</trkpt>
<trkpt lat="35.860799" lon="139.9745724">
<time>2026-06-02T08:38:08Z</time>
<ele>59.79999923706055</ele>
</trkpt>
<trkpt lat="35.8607829" lon="139.9745682">
<time>2026-06-02T08:38:09Z</time>
<ele>59.79999923706055</ele>
</trkpt>
<trkpt lat="35.8607674" lon="139.9745638">
<time>2026-06-02T08:38:10Z</time>
<ele>59.79999923706055</ele>
</trkpt>
<trkpt lat="35.8607545" lon="139.9745585">
<time>2026-06-02T08:38:11Z</time>
<ele>59.79999923706055</ele>
</trkpt>
<trkpt lat="35.8607421" lon="139.9745542">
<time>2026-06-02T08:38:12Z</time>
<ele>59.79999923706055</ele>
</trkpt>
<trkpt lat="35.8607149" lon="139.9745681">
<time>2026-06-02T08:38:13Z</time>
<ele>59.79999923706055</ele>
</trkpt>
<trkpt lat="35.8606887" lon="139.9745743">
<time>2026-06-02T08:38:14Z</time>
<ele>59.79999923706055</ele>
</trkpt>
<trkpt lat="35.8606724" lon="139.9745787">
<time>2026-06-02T08:38:15Z</time>
<ele>59.79999923706055</ele>
</trkpt>
<trkpt lat="35.8606598" lon="139.9745787">
<time>2026-06-02T08:38:16Z</time>
<ele>59.79999923706055</ele>
</trkpt>
<trkpt lat="35.8606423" lon="139.9745713">
<time>2026-06-02T08:38:18Z</time>
<ele>59.79999923706055</ele>
</trkpt>
<trkpt lat="35.8606472" lon="139.9742647">
<time>2026-06-02T08:38:34Z</time>
<ele>59.79999923706055</ele>
</trkpt>
<trkpt lat="35.8606402" lon="139.9742503">
<time>2026-06-02T08:38:35Z</time>
<ele>59.79999923706055</ele>
</trkpt>
<trkpt lat="35.8606352" lon="139.9742392">
<time>2026-06-02T08:38:36Z</time>
<ele>59.79999923706055</ele>
</trkpt>
<trkpt lat="35.8606294" lon="139.9742277">
<time>2026-06-02T08:38:37Z</time>
<ele>59.79999923706055</ele>
</trkpt>
<trkpt lat="35.8606243" lon="139.9742174">
<time>2026-06-02T08:38:38Z</time>
<ele>59.79999923706055</ele>
</trkpt>
<trkpt lat="35.8606188" lon="139.9742058">
<time>2026-06-02T08:38:39Z</time>
<ele>59.79999923706055</ele>
</trkpt>
<trkpt lat="35.860611" lon="139.9741941">
<time>2026-06-02T08:38:40Z</time>
<ele>59.79999923706055</ele>
</trkpt>
<trkpt lat="35.8606049" lon="139.974181">
<time>2026-06-02T08:38:41Z</time>
<ele>59.79999923706055</ele>
</trkpt>
<trkpt lat="35.8605997" lon="139.9741687">
<time>2026-06-02T08:38:42Z</time>
<ele>59.79999923706055</ele>
</trkpt>
<trkpt lat="35.8605923" lon="139.9741538">
<time>2026-06-02T08:38:43Z</time>
<ele>59.79999923706055</ele>
</trkpt>
<trkpt lat="35.8605848" lon="139.9741403">
<time>2026-06-02T08:38:44Z</time>
<ele>59.79999923706055</ele>
</trkpt>
<trkpt lat="35.8605775" lon="139.9741251">
<time>2026-06-02T08:38:46Z</time>
<ele>59.79999923706055</ele>
</trkpt>
<trkpt lat="35.8605701" lon="139.9741103">
<time>2026-06-02T08:38:47Z</time>
<ele>59.79999923706055</ele>
</trkpt>
<trkpt lat="35.8605632" lon="139.9740991">
<time>2026-06-02T08:38:48Z</time>
<ele>59.79999923706055</ele>
</trkpt>
<trkpt lat="35.8605539" lon="139.9740871">
<time>2026-06-02T08:38:49Z</time>
<ele>59.79999923706055</ele>
</trkpt>
<trkpt lat="35.8605437" lon="139.9740779">
<time>2026-06-02T08:38:50Z</time>
<ele>59.79999923706055</ele>
</trkpt>
<trkpt lat="35.8605333" lon="139.9740688">
<time>2026-06-02T08:38:51Z</time>
<ele>59.79999923706055</ele>
</trkpt>
<trkpt lat="35.8605224" lon="139.9740609">
<time>2026-06-02T08:38:52Z</time>
<ele>59.79999923706055</ele>
</trkpt>
<trkpt lat="35.8605109" lon="139.974053">
<time>2026-06-02T08:38:53Z</time>
<ele>59.79999923706055</ele>
</trkpt>
<trkpt lat="35.8604993" lon="139.9740465">
<time>2026-06-02T08:38:54Z</time>
<ele>59.79999923706055</ele>
</trkpt>
<trkpt lat="35.8604868" lon="139.9740422">
<time>2026-06-02T08:38:55Z</time>
<ele>59.79999923706055</ele>
</trkpt>
<trkpt lat="35.8604808" lon="139.9740209">
<time>2026-06-02T08:38:56Z</time>
<ele>59.79999923706055</ele>
</trkpt>
<trkpt lat="35.8604744" lon="139.9739889">
<time>2026-06-02T08:38:57Z</time>
<ele>59.79999923706055</ele>
</trkpt>
<trkpt lat="35.8604638" lon="139.9739608">
<time>2026-06-02T08:38:58Z</time>
<ele>59.79999923706055</ele>
</trkpt>
<trkpt lat="35.8604491" lon="139.9739335">
<time>2026-06-02T08:38:59Z</time>
<ele>59.79999923706055</ele>
</trkpt>
<trkpt lat="35.860439" lon="139.9739217">
<time>2026-06-02T08:39:00Z</time>
<ele>59.79999923706055</ele>
</trkpt>
<trkpt lat="35.8604233" lon="139.9739054">
<time>2026-06-02T08:39:01Z</time>
<ele>59.79999923706055</ele>
</trkpt>
<trkpt lat="35.8604052" lon="139.9738951">
<time>2026-06-02T08:39:02Z</time>
<ele>59.79999923706055</ele>
</trkpt>
<trkpt lat="35.8603912" lon="139.9738992">
<time>2026-06-02T08:39:03Z</time>
<ele>59.79999923706055</ele>
</trkpt>
<trkpt lat="35.8603833" lon="139.9739063">
<time>2026-06-02T08:39:04Z</time>
<ele>59.79999923706055</ele>
</trkpt>
<trkpt lat="35.8603701" lon="139.9738999">
<time>2026-06-02T08:39:05Z</time>
<ele>59.79999923706055</ele>
</trkpt>
<trkpt lat="35.8603564" lon="139.9738947">
<time>2026-06-02T08:39:06Z</time>
<ele>59.79999923706055</ele>
</trkpt>
<trkpt lat="35.8603399" lon="139.9738874">
<time>2026-06-02T08:39:07Z</time>
<ele>60.280669537742554</ele>
</trkpt>
<trkpt lat="35.8603291" lon="139.9738751">
<time>2026-06-02T08:39:09Z</time>
<ele>60.45398259897024</ele>
</trkpt>
<trkpt lat="35.8603376" lon="139.9738628">
<time>2026-06-02T08:39:11Z</time>
<ele>60.54946194515054</ele>
</trkpt>
<trkpt lat="35.8603466" lon="139.9738636">
<time>2026-06-02T08:39:15Z</time>
<ele>60.5774832588171</ele>
</trkpt>
<trkpt lat="35.8603553" lon="139.9738677">
<time>2026-06-02T08:39:18Z</time>
<ele>60.43724405329972</ele>
</trkpt>
<trkpt lat="35.8603646" lon="139.9738705">
<time>2026-06-02T08:39:21Z</time>
<ele>60.43983862321631</ele>
</trkpt>
<trkpt lat="35.8603739" lon="139.9738697">
<time>2026-06-02T08:39:27Z</time>
<ele>60.6250970554502</ele>
</trkpt>
<trkpt lat="35.8603756" lon="139.973857">
<time>2026-06-02T08:39:32Z</time>
<ele>60.698264779142036</ele>
</trkpt>
<trkpt lat="35.860381" lon="139.9738459">
<time>2026-06-02T08:39:37Z</time>
<ele>60.77817917442079</ele>
</trkpt>
<trkpt lat="35.8603761" lon="139.9738361">
<time>2026-06-02T08:39:41Z</time>
<ele>60.77817917442079</ele>
</trkpt>
<trkpt lat="35.8603559" lon="139.9738379">
<time>2026-06-02T08:39:43Z</time>
<ele>60.633399744557295</ele>
</trkpt>
<trkpt lat="35.8603406" lon="139.9738436">
<time>2026-06-02T08:39:44Z</time>
<ele>60.45281806522571</ele>
</trkpt>
<trkpt lat="35.8603211" lon="139.9738567">
<time>2026-06-02T08:39:45Z</time>
<ele>60.28625039531738</ele>
</trkpt>
<trkpt lat="35.8603071" lon="139.9738672">
<time>2026-06-02T08:39:47Z</time>
<ele>60.144599415613484</ele>
</trkpt>
<trkpt lat="35.8602956" lon="139.9738534">
<time>2026-06-02T08:39:49Z</time>
<ele>60.041340542308674</ele>
</trkpt>
<trkpt lat="35.8602952" lon="139.9738262">
<time>2026-06-02T08:39:50Z</time>
<ele>60.07558706639652</ele>
</trkpt>
<trkpt lat="35.8602976" lon="139.9737951">
<time>2026-06-02T08:39:51Z</time>
<ele>60.07558706639652</ele>
</trkpt>
<trkpt lat="35.8602995" lon="139.9737707">
<time>2026-06-02T08:39:52Z</time>
<ele>60.041340542308674</ele>
</trkpt>
<trkpt lat="35.8602975" lon="139.9737559">
<time>2026-06-02T08:39:53Z</time>
<ele>60.129673789344864</ele>
</trkpt>
<trkpt lat="35.8602872" lon="139.9737409">
<time>2026-06-02T08:39:55Z</time>
<ele>60.04405773482366</ele>
</trkpt>
<trkpt lat="35.8602786" lon="139.9737331">
<time>2026-06-02T08:39:56Z</time>
<ele>59.9667430952982</ele>
</trkpt>
<trkpt lat="35.8602693" lon="139.9737248">
<time>2026-06-02T08:39:57Z</time>
<ele>59.9667430952982</ele>
</trkpt>
<trkpt lat="35.8602598" lon="139.9737163">
<time>2026-06-02T08:39:58Z</time>
<ele>59.92160089638916</ele>
</trkpt>
<trkpt lat="35.8602506" lon="139.9737091">
<time>2026-06-02T08:39:59Z</time>
<ele>59.949101288207856</ele>
</trkpt>
<trkpt lat="35.8602352" lon="139.9736941">
<time>2026-06-02T08:40:00Z</time>
<ele>59.944950280034774</ele>
</trkpt>
<trkpt lat="35.8602283" lon="139.9736868">
<time>2026-06-02T08:40:01Z</time>
<ele>59.944950280034774</ele>
</trkpt>
<trkpt lat="35.8602198" lon="139.9736774">
<time>2026-06-02T08:40:02Z</time>
<ele>59.92160089638916</ele>
</trkpt>
<trkpt lat="35.860211" lon="139.9736674">
<time>2026-06-02T08:40:03Z</time>
<ele>59.944950280034774</ele>
</trkpt>
<trkpt lat="35.8602038" lon="139.9736574">
<time>2026-06-02T08:40:04Z</time>
<ele>60.00462121514294</ele>
</trkpt>
<trkpt lat="35.8601969" lon="139.9736462">
<time>2026-06-02T08:40:05Z</time>
<ele>59.944950280034774</ele>
</trkpt>
<trkpt lat="35.860189" lon="139.973636">
<time>2026-06-02T08:40:06Z</time>
<ele>60.00462121514294</ele>
</trkpt>
<trkpt lat="35.8601792" lon="139.973625">
<time>2026-06-02T08:40:07Z</time>
<ele>60.06584921371321</ele>
</trkpt>
<trkpt lat="35.8601701" lon="139.973614">
<time>2026-06-02T08:40:08Z</time>
<ele>60.19090097190248</ele>
</trkpt>
<trkpt lat="35.8601566" lon="139.9736016">
<time>2026-06-02T08:40:10Z</time>
<ele>60.322181330115896</ele>
</trkpt>
<trkpt lat="35.8601493" lon="139.9735871">
<time>2026-06-02T08:40:12Z</time>
<ele>60.33454921105417</ele>
</trkpt>
<trkpt lat="35.8601491" lon="139.9735682">
<time>2026-06-02T08:40:16Z</time>
<ele>60.71180964726631</ele>
</trkpt>
<trkpt lat="35.8601422" lon="139.9735422">
<time>2026-06-02T08:40:19Z</time>
<ele>60.99573816293562</ele>
</trkpt>
<trkpt lat="35.8601355" lon="139.9735294">
<time>2026-06-02T08:40:20Z</time>
<ele>60.84096854751465</ele>
</trkpt>
<trkpt lat="35.8601339" lon="139.9735096">
<time>2026-06-02T08:40:22Z</time>
<ele>60.799453586459634</ele>
</trkpt>
<trkpt lat="35.8601309" lon="139.9734974">
<time>2026-06-02T08:40:24Z</time>
<ele>60.792709144253905</ele>
</trkpt>
<trkpt lat="35.8601282" lon="139.9734783">
<time>2026-06-02T08:40:26Z</time>
<ele>60.73666511016539</ele>
</trkpt>
<trkpt lat="35.8601177" lon="139.9734603">
<time>2026-06-02T08:40:28Z</time>
<ele>60.65571326125251</ele>
</trkpt>
<trkpt lat="35.8601085" lon="139.9734551">
<time>2026-06-02T08:40:29Z</time>
<ele>60.377569161279354</ele>
</trkpt>
<trkpt lat="35.8600983" lon="139.9734495">
<time>2026-06-02T08:40:30Z</time>
<ele>60.377569161279354</ele>
</trkpt>
<trkpt lat="35.8600919" lon="139.9734405">
<time>2026-06-02T08:40:31Z</time>
<ele>60.33035678515589</ele>
</trkpt>
<trkpt lat="35.8600814" lon="139.9734321">
<time>2026-06-02T08:40:32Z</time>
<ele>60.28780708757882</ele>
</trkpt>
<trkpt lat="35.8600705" lon="139.9734251">
<time>2026-06-02T08:40:33Z</time>
<ele>60.28780708757882</ele>
</trkpt>
<trkpt lat="35.8600626" lon="139.9734141">
<time>2026-06-02T08:40:34Z</time>
<ele>60.25459771379292</ele>
</trkpt>
<trkpt lat="35.8600522" lon="139.9734036">
<time>2026-06-02T08:40:35Z</time>
<ele>60.269126799044244</ele>
</trkpt>
<trkpt lat="35.8600443" lon="139.9733936">
<time>2026-06-02T08:40:36Z</time>
<ele>60.269126799044244</ele>
</trkpt>
<trkpt lat="35.8600364" lon="139.9733841">
<time>2026-06-02T08:40:37Z</time>
<ele>60.352669515588964</ele>
</trkpt>
<trkpt lat="35.8600234" lon="139.9733724">
<time>2026-06-02T08:40:38Z</time>
<ele>60.352669515588964</ele>
</trkpt>
<trkpt lat="35.8600094" lon="139.9733548">
<time>2026-06-02T08:40:40Z</time>
<ele>60.352669515588964</ele>
</trkpt>
<trkpt lat="35.8600006" lon="139.9733439">
<time>2026-06-02T08:40:41Z</time>
<ele>60.47253656993091</ele>
</trkpt>
<trkpt lat="35.8599912" lon="139.9733333">
<time>2026-06-02T08:40:42Z</time>
<ele>60.47253656993091</ele>
</trkpt>
<trkpt lat="35.8599775" lon="139.9733183">
<time>2026-06-02T08:40:43Z</time>
<ele>60.407154333176635</ele>
</trkpt>
<trkpt lat="35.8599676" lon="139.9733057">
<time>2026-06-02T08:40:44Z</time>
<ele>60.521833029493834</ele>
</trkpt>
<trkpt lat="35.8599536" lon="139.9732959">
<time>2026-06-02T08:40:45Z</time>
<ele>60.323611087351985</ele>
</trkpt>
<trkpt lat="35.8599403" lon="139.9732855">
<time>2026-06-02T08:40:46Z</time>
<ele>60.323611087351985</ele>
</trkpt>
<trkpt lat="35.8599332" lon="139.9732766">
<time>2026-06-02T08:40:47Z</time>
<ele>60.20738556781694</ele>
</trkpt>
<trkpt lat="35.8599231" lon="139.973267">
<time>2026-06-02T08:40:48Z</time>
<ele>60.30985039480694</ele>
</trkpt>
<trkpt lat="35.8599132" lon="139.9732582">
<time>2026-06-02T08:40:49Z</time>
<ele>60.30985039480694</ele>
</trkpt>
<trkpt lat="35.8599024" lon="139.9732467">
<time>2026-06-02T08:40:50Z</time>
<ele>60.32022829593698</ele>
</trkpt>
<trkpt lat="35.8598923" lon="139.973242">
<time>2026-06-02T08:40:51Z</time>
<ele>60.18635433257357</ele>
</trkpt>
<trkpt lat="35.8598814" lon="139.9732345">
<time>2026-06-02T08:40:52Z</time>
<ele>60.1557400368271</ele>
</trkpt>
<trkpt lat="35.8598679" lon="139.9732197">
<time>2026-06-02T08:40:53Z</time>
<ele>60.10540829594352</ele>
</trkpt>
<trkpt lat="35.8598554" lon="139.9732065">
<time>2026-06-02T08:40:55Z</time>
<ele>60.14380567987175</ele>
</trkpt>
<trkpt lat="35.859847" lon="139.9731971">
<time>2026-06-02T08:40:56Z</time>
<ele>60.07299262798003</ele>
</trkpt>
<trkpt lat="35.8598316" lon="139.973184">
<time>2026-06-02T08:40:58Z</time>
<ele>60.15030722868998</ele>
</trkpt>
<trkpt lat="35.859821" lon="139.973174">
<time>2026-06-02T08:40:59Z</time>
<ele>60.163279545227525</ele>
</trkpt>
<trkpt lat="35.8598102" lon="139.9731664">
<time>2026-06-02T08:41:00Z</time>
<ele>60.43789864318243</ele>
</trkpt>
<trkpt lat="35.8597948" lon="139.9731552">
<time>2026-06-02T08:41:01Z</time>
<ele>60.43789864318243</ele>
</trkpt>
<trkpt lat="35.8597808" lon="139.9731431">
<time>2026-06-02T08:41:03Z</time>
<ele>60.52040515005357</ele>
</trkpt>
<trkpt lat="35.8597728" lon="139.9731338">
<time>2026-06-02T08:41:04Z</time>
<ele>60.52040515005357</ele>
</trkpt>
<trkpt lat="35.8597651" lon="139.9731252">
<time>2026-06-02T08:41:05Z</time>
<ele>60.55361553977244</ele>
</trkpt>
<trkpt lat="35.8597567" lon="139.9731156">
<time>2026-06-02T08:41:06Z</time>
<ele>60.55361553977244</ele>
</trkpt>
<trkpt lat="35.8597471" lon="139.9731056">
<time>2026-06-02T08:41:07Z</time>
<ele>60.55361553977244</ele>
</trkpt>
<trkpt lat="35.8597403" lon="139.9730981">
<time>2026-06-02T08:41:08Z</time>
<ele>60.46786002818328</ele>
</trkpt>
<trkpt lat="35.8597334" lon="139.9730892">
<time>2026-06-02T08:41:09Z</time>
<ele>60.46786002818328</ele>
</trkpt>
<trkpt lat="35.8597246" lon="139.9730734">
<time>2026-06-02T08:41:11Z</time>
<ele>60.900646655135176</ele>
</trkpt>
<trkpt lat="35.859731" lon="139.9730573">
<time>2026-06-02T08:41:13Z</time>
<ele>61.158564630448545</ele>
</trkpt>
<trkpt lat="35.8597246" lon="139.9730657">
<time>2026-06-02T08:41:19Z</time>
<ele>61.31489175383482</ele>
</trkpt>
<trkpt lat="35.859715" lon="139.9730658">
<time>2026-06-02T08:41:22Z</time>
<ele>61.29620926604933</ele>
</trkpt>
<trkpt lat="35.859725" lon="139.9730511">
<time>2026-06-02T08:41:27Z</time>
<ele>61.11301924422395</ele>
</trkpt>
<trkpt lat="35.8597348" lon="139.973026">
<time>2026-06-02T08:41:28Z</time>
<ele>60.71447766216015</ele>
</trkpt>
<trkpt lat="35.8597411" lon="139.9730014">
<time>2026-06-02T08:41:29Z</time>
<ele>60.38756280943036</ele>
</trkpt>
<trkpt lat="35.8597435" lon="139.9729839">
<time>2026-06-02T08:41:30Z</time>
<ele>60.38756280943036</ele>
</trkpt>
<trkpt lat="35.8597448" lon="139.9729647">
<time>2026-06-02T08:41:31Z</time>
<ele>59.887874120821515</ele>
</trkpt>
<trkpt lat="35.8597463" lon="139.9729498">
<time>2026-06-02T08:41:32Z</time>
<ele>59.875940062686645</ele>
</trkpt>
<trkpt lat="35.8597492" lon="139.9729354">
<time>2026-06-02T08:41:33Z</time>
<ele>59.699525482966614</ele>
</trkpt>
<trkpt lat="35.859754" lon="139.9729205">
<time>2026-06-02T08:41:34Z</time>
<ele>59.52674647591434</ele>
</trkpt>
<trkpt lat="35.8597596" lon="139.9729059">
<time>2026-06-02T08:41:35Z</time>
<ele>59.52674647591434</ele>
</trkpt>
<trkpt lat="35.859765" lon="139.9728941">
<time>2026-06-02T08:41:36Z</time>
<ele>59.52674647591434</ele>
</trkpt>
<trkpt lat="35.8597753" lon="139.9728781">
<time>2026-06-02T08:41:38Z</time>
<ele>59.28948308960619</ele>
</trkpt>
<trkpt lat="35.8597815" lon="139.9728652">
<time>2026-06-02T08:41:39Z</time>
<ele>59.280143890887416</ele>
</trkpt>
<trkpt lat="35.8597905" lon="139.9728505">
<time>2026-06-02T08:41:41Z</time>
<ele>59.28948308960619</ele>
</trkpt>
<trkpt lat="35.8597994" lon="139.972841">
<time>2026-06-02T08:41:42Z</time>
<ele>59.56254724631711</ele>
</trkpt>
<trkpt lat="35.8598038" lon="139.9728276">
<time>2026-06-02T08:41:43Z</time>
<ele>59.59303144437776</ele>
</trkpt>
<trkpt lat="35.8598098" lon="139.972814">
<time>2026-06-02T08:41:44Z</time>
<ele>59.494948027333514</ele>
</trkpt>
<trkpt lat="35.8598177" lon="139.9728008">
<time>2026-06-02T08:41:46Z</time>
<ele>59.56032426423972</ele>
</trkpt>
<trkpt lat="35.8598274" lon="139.9727877">
<time>2026-06-02T08:41:47Z</time>
<ele>59.57900328035319</ele>
</trkpt>
<trkpt lat="35.8598358" lon="139.9727723">
<time>2026-06-02T08:41:48Z</time>
<ele>59.57900328035319</ele>
</trkpt>
<trkpt lat="35.8598411" lon="139.9727555">
<time>2026-06-02T08:41:49Z</time>
<ele>59.70354838628649</ele>
</trkpt>
<trkpt lat="35.8598473" lon="139.9727397">
<time>2026-06-02T08:41:50Z</time>
<ele>59.77930260347943</ele>
</trkpt>
<trkpt lat="35.8598533" lon="139.972726">
<time>2026-06-02T08:41:51Z</time>
<ele>59.78449127291119</ele>
</trkpt>
<trkpt lat="35.8598605" lon="139.9727116">
<time>2026-06-02T08:41:52Z</time>
<ele>59.78189693780399</ele>
</trkpt>
<trkpt lat="35.8598673" lon="139.9726982">
<time>2026-06-02T08:41:53Z</time>
<ele>59.78189693780399</ele>
</trkpt>
<trkpt lat="35.8598724" lon="139.9726871">
<time>2026-06-02T08:41:54Z</time>
<ele>59.78449127291119</ele>
</trkpt>
<trkpt lat="35.8598789" lon="139.9726722">
<time>2026-06-02T08:41:55Z</time>
<ele>59.78189693780399</ele>
</trkpt>
<trkpt lat="35.8598847" lon="139.972662">
<time>2026-06-02T08:41:56Z</time>
<ele>59.78189693780399</ele>
</trkpt>
<trkpt lat="35.8598896" lon="139.9726515">
<time>2026-06-02T08:41:57Z</time>
<ele>59.804208245299556</ele>
</trkpt>
<trkpt lat="35.8598948" lon="139.9726407">
<time>2026-06-02T08:41:58Z</time>
<ele>59.804208245299556</ele>
</trkpt>
<trkpt lat="35.8599011" lon="139.9726275">
<time>2026-06-02T08:41:59Z</time>
<ele>59.67447444075927</ele>
</trkpt>
<trkpt lat="35.8599093" lon="139.9726139">
<time>2026-06-02T08:42:00Z</time>
<ele>59.792793150512544</ele>
</trkpt>
<trkpt lat="35.8599159" lon="139.9726034">
<time>2026-06-02T08:42:01Z</time>
<ele>59.72378835950372</ele>
</trkpt>
<trkpt lat="35.8599245" lon="139.9725849">
<time>2026-06-02T08:42:03Z</time>
<ele>59.7263826925753</ele>
</trkpt>
<trkpt lat="35.8599289" lon="139.9725751">
<time>2026-06-02T08:42:04Z</time>
<ele>59.7263826925753</ele>
</trkpt>
<trkpt lat="35.8599341" lon="139.9725634">
<time>2026-06-02T08:42:05Z</time>
<ele>59.746099649498746</ele>
</trkpt>
<trkpt lat="35.8599399" lon="139.9725512">
<time>2026-06-02T08:42:06Z</time>
<ele>59.752844934613506</ele>
</trkpt>
<trkpt lat="35.8599448" lon="139.9725397">
<time>2026-06-02T08:42:07Z</time>
<ele>59.587545635930866</ele>
</trkpt>
<trkpt lat="35.8599499" lon="139.9725266">
<time>2026-06-02T08:42:08Z</time>
<ele>59.57197961355006</ele>
</trkpt>
<trkpt lat="35.8599544" lon="139.9725153">
<time>2026-06-02T08:42:09Z</time>
<ele>59.57197961355006</ele>
</trkpt>
<trkpt lat="35.859961" lon="139.9724979">
<time>2026-06-02T08:42:10Z</time>
<ele>59.7263826925753</ele>
</trkpt>
<trkpt lat="35.8599707" lon="139.9724765">
<time>2026-06-02T08:42:12Z</time>
<ele>59.73053362711794</ele>
</trkpt>
<trkpt lat="35.8599764" lon="139.9724621">
<time>2026-06-02T08:42:13Z</time>
<ele>59.73053362711794</ele>
</trkpt>
<trkpt lat="35.8599816" lon="139.9724478">
<time>2026-06-02T08:42:14Z</time>
<ele>59.736760032689894</ele>
</trkpt>
<trkpt lat="35.8599869" lon="139.9724351">
<time>2026-06-02T08:42:15Z</time>
<ele>59.736760032689894</ele>
</trkpt>
<trkpt lat="35.8599921" lon="139.9724209">
<time>2026-06-02T08:42:16Z</time>
<ele>59.736760032689894</ele>
</trkpt>
<trkpt lat="35.859998" lon="139.9723964">
<time>2026-06-02T08:42:17Z</time>
<ele>59.67190186241237</ele>
</trkpt>
<trkpt lat="35.8600083" lon="139.972373">
<time>2026-06-02T08:42:19Z</time>
<ele>59.63454377834744</ele>
</trkpt>
<trkpt lat="35.8600164" lon="139.9723587">
<time>2026-06-02T08:42:20Z</time>
<ele>59.63454377834744</ele>
</trkpt>
<trkpt lat="35.8600248" lon="139.9723452">
<time>2026-06-02T08:42:21Z</time>
<ele>59.7187245007502</ele>
</trkpt>
<trkpt lat="35.8600306" lon="139.9723311">
<time>2026-06-02T08:42:22Z</time>
<ele>59.78007517964158</ele>
</trkpt>
<trkpt lat="35.8600341" lon="139.9723168">
<time>2026-06-02T08:42:23Z</time>
<ele>59.68084758754097</ele>
</trkpt>
<trkpt lat="35.8600367" lon="139.9723043">
<time>2026-06-02T08:42:24Z</time>
<ele>59.643489699564</ele>
</trkpt>
<trkpt lat="35.8600396" lon="139.9722904">
<time>2026-06-02T08:42:25Z</time>
<ele>59.74531144367352</ele>
</trkpt>
<trkpt lat="35.8600479" lon="139.9722667">
<time>2026-06-02T08:42:27Z</time>
<ele>59.78007517964158</ele>
</trkpt>
<trkpt lat="35.8600525" lon="139.9722561">
<time>2026-06-02T08:42:28Z</time>
<ele>59.71561132350902</ele>
</trkpt>
<trkpt lat="35.8600623" lon="139.9722352">
<time>2026-06-02T08:42:30Z</time>
<ele>59.68084758754097</ele>
</trkpt>
<trkpt lat="35.8600655" lon="139.9722213">
<time>2026-06-02T08:42:31Z</time>
<ele>59.612877106780644</ele>
</trkpt>
<trkpt lat="35.8600699" lon="139.9722081">
<time>2026-06-02T08:42:32Z</time>
<ele>59.612877106780644</ele>
</trkpt>
<trkpt lat="35.8600747" lon="139.972197">
<time>2026-06-02T08:42:33Z</time>
<ele>59.5200022802171</ele>
</trkpt>
<trkpt lat="35.8600815" lon="139.9721732">
<time>2026-06-02T08:42:35Z</time>
<ele>59.54957683681612</ele>
</trkpt>
<trkpt lat="35.8600868" lon="139.9721539">
<time>2026-06-02T08:42:37Z</time>
<ele>59.37264986483081</ele>
</trkpt>
<trkpt lat="35.8600881" lon="139.9721428">
<time>2026-06-02T08:42:38Z</time>
<ele>59.26976701531948</ele>
</trkpt>
<trkpt lat="35.8600963" lon="139.9721185">
<time>2026-06-02T08:42:40Z</time>
<ele>59.3954789470073</ele>
</trkpt>
<trkpt lat="35.8600999" lon="139.972101">
<time>2026-06-02T08:42:42Z</time>
<ele>59.154065700839624</ele>
</trkpt>
<trkpt lat="35.860103" lon="139.9720901">
<time>2026-06-02T08:42:43Z</time>
<ele>59.159254067256626</ele>
</trkpt>
<trkpt lat="35.8601059" lon="139.9720791">
<time>2026-06-02T08:42:44Z</time>
<ele>59.01398099077994</ele>
</trkpt>
<trkpt lat="35.8601071" lon="139.9720649">
<time>2026-06-02T08:42:45Z</time>
<ele>59.01398099077994</ele>
</trkpt>
<trkpt lat="35.8601055" lon="139.9720528">
<time>2026-06-02T08:42:46Z</time>
<ele>59.021923420883596</ele>
</trkpt>
<trkpt lat="35.8601064" lon="139.9720402">
<time>2026-06-02T08:42:47Z</time>
<ele>59.021923420883596</ele>
</trkpt>
<trkpt lat="35.8601083" lon="139.9720209">
<time>2026-06-02T08:42:48Z</time>
<ele>59.021923420883596</ele>
</trkpt>
<trkpt lat="35.8601115" lon="139.9719987">
<time>2026-06-02T08:42:50Z</time>
<ele>59.16044570748013</ele>
</trkpt>
<trkpt lat="35.860112" lon="139.9719869">
<time>2026-06-02T08:42:51Z</time>
<ele>59.08988531197</ele>
</trkpt>
<trkpt lat="35.8601134" lon="139.9719757">
<time>2026-06-02T08:42:52Z</time>
<ele>59.12672191681322</ele>
</trkpt>
<trkpt lat="35.860114" lon="139.9719645">
<time>2026-06-02T08:42:53Z</time>
<ele>59.208178068016345</ele>
</trkpt>
<trkpt lat="35.8601157" lon="139.9719424">
<time>2026-06-02T08:42:55Z</time>
<ele>59.13865493531609</ele>
</trkpt>
<trkpt lat="35.8601164" lon="139.9719272">
<time>2026-06-02T08:42:56Z</time>
<ele>59.13865493531609</ele>
</trkpt>
<trkpt lat="35.8601151" lon="139.9719151">
<time>2026-06-02T08:42:57Z</time>
<ele>59.15992687892933</ele>
</trkpt>
<trkpt lat="35.8601171" lon="139.9718919">
<time>2026-06-02T08:42:59Z</time>
<ele>59.16355867943936</ele>
</trkpt>
<trkpt lat="35.8601184" lon="139.9718775">
<time>2026-06-02T08:43:00Z</time>
<ele>59.195207291655805</ele>
</trkpt>
<trkpt lat="35.8601186" lon="139.9718653">
<time>2026-06-02T08:43:01Z</time>
<ele>59.195207291655805</ele>
</trkpt>
<trkpt lat="35.8601189" lon="139.9718526">
<time>2026-06-02T08:43:02Z</time>
<ele>59.195207291655805</ele>
</trkpt>
<trkpt lat="35.8601192" lon="139.9718391">
<time>2026-06-02T08:43:03Z</time>
<ele>59.14488086458516</ele>
</trkpt>
<trkpt lat="35.8601187" lon="139.971823">
<time>2026-06-02T08:43:04Z</time>
<ele>59.14488086458516</ele>
</trkpt>
<trkpt lat="35.8601177" lon="139.9718097">
<time>2026-06-02T08:43:05Z</time>
<ele>59.161483364674666</ele>
</trkpt>
<trkpt lat="35.8601156" lon="139.9717965">
<time>2026-06-02T08:43:06Z</time>
<ele>59.161483364674666</ele>
</trkpt>
<trkpt lat="35.8601147" lon="139.9717797">
<time>2026-06-02T08:43:07Z</time>
<ele>59.12568426381191</ele>
</trkpt>
<trkpt lat="35.8601169" lon="139.9717597">
<time>2026-06-02T08:43:08Z</time>
<ele>59.14488086458516</ele>
</trkpt>
<trkpt lat="35.8601203" lon="139.9717398">
<time>2026-06-02T08:43:09Z</time>
<ele>59.161483364674666</ele>
</trkpt>
<trkpt lat="35.860124" lon="139.9717203">
<time>2026-06-02T08:43:11Z</time>
<ele>59.12568426381191</ele>
</trkpt>
<trkpt lat="35.8601276" lon="139.9716997">
<time>2026-06-02T08:43:12Z</time>
<ele>59.11219478619989</ele>
</trkpt>
<trkpt lat="35.8601298" lon="139.9716852">
<time>2026-06-02T08:43:13Z</time>
<ele>58.897764296444706</ele>
</trkpt>
<trkpt lat="35.8601325" lon="139.9716698">
<time>2026-06-02T08:43:14Z</time>
<ele>58.91747951790467</ele>
</trkpt>
<trkpt lat="35.8601356" lon="139.9716558">
<time>2026-06-02T08:43:15Z</time>
<ele>58.91747951790467</ele>
</trkpt>
<trkpt lat="35.8601379" lon="139.9716419">
<time>2026-06-02T08:43:16Z</time>
<ele>58.952240676369215</ele>
</trkpt>
<trkpt lat="35.860142" lon="139.9716225">
<time>2026-06-02T08:43:18Z</time>
<ele>58.85107053116201</ele>
</trkpt>
<trkpt lat="35.8601422" lon="139.9716015">
<time>2026-06-02T08:43:20Z</time>
<ele>58.85107053116201</ele>
</trkpt>
<trkpt lat="35.8601434" lon="139.9715903">
<time>2026-06-02T08:43:21Z</time>
<ele>58.85107053116201</ele>
</trkpt>
<trkpt lat="35.8601422" lon="139.9715728">
<time>2026-06-02T08:43:23Z</time>
<ele>58.85107053116201</ele>
</trkpt>
<trkpt lat="35.8601426" lon="139.9715611">
<time>2026-06-02T08:43:24Z</time>
<ele>58.85107053116201</ele>
</trkpt>
<trkpt lat="35.8601443" lon="139.9715431">
<time>2026-06-02T08:43:26Z</time>
<ele>58.888453806489</ele>
</trkpt>
<trkpt lat="35.8601453" lon="139.9715307">
<time>2026-06-02T08:43:27Z</time>
<ele>58.82982778249184</ele>
</trkpt>
<trkpt lat="35.8601469" lon="139.9715121">
<time>2026-06-02T08:43:29Z</time>
<ele>58.83501591008893</ele>
</trkpt>
<trkpt lat="35.8601444" lon="139.971497">
<time>2026-06-02T08:43:31Z</time>
<ele>58.83501591008893</ele>
</trkpt>
<trkpt lat="35.8601444" lon="139.9714856">
<time>2026-06-02T08:43:32Z</time>
<ele>58.78469120445363</ele>
</trkpt>
<trkpt lat="35.8601427" lon="139.971473">
<time>2026-06-02T08:43:34Z</time>
<ele>58.62904964875038</ele>
</trkpt>
<trkpt lat="35.8601415" lon="139.9714618">
<time>2026-06-02T08:43:35Z</time>
<ele>58.62904964875038</ele>
</trkpt>
<trkpt lat="35.8601417" lon="139.9714487">
<time>2026-06-02T08:43:37Z</time>
<ele>58.622824045110065</ele>
</trkpt>
<trkpt lat="35.8601422" lon="139.9714363">
<time>2026-06-02T08:43:38Z</time>
<ele>58.51387671094495</ele>
</trkpt>
<trkpt lat="35.8601445" lon="139.9714182">
<time>2026-06-02T08:43:40Z</time>
<ele>58.51387671094495</ele>
</trkpt>
<trkpt lat="35.86015" lon="139.9713952">
<time>2026-06-02T08:43:42Z</time>
<ele>58.40596833094574</ele>
</trkpt>
<trkpt lat="35.860152" lon="139.9713816">
<time>2026-06-02T08:43:43Z</time>
<ele>58.40596833094574</ele>
</trkpt>
<trkpt lat="35.8601519" lon="139.9713688">
<time>2026-06-02T08:43:44Z</time>
<ele>58.39144230626941</ele>
</trkpt>
<trkpt lat="35.8601501" lon="139.9713577">
<time>2026-06-02T08:43:45Z</time>
<ele>58.313624734721614</ele>
</trkpt>
<trkpt lat="35.860154" lon="139.9713443">
<time>2026-06-02T08:43:46Z</time>
<ele>58.27315987579072</ele>
</trkpt>
<trkpt lat="35.8601575" lon="139.9713307">
<time>2026-06-02T08:43:47Z</time>
<ele>58.27315987579072</ele>
</trkpt>
<trkpt lat="35.8601601" lon="139.9713154">
<time>2026-06-02T08:43:48Z</time>
<ele>58.33178210510203</ele>
</trkpt>
<trkpt lat="35.8601608" lon="139.9712994">
<time>2026-06-02T08:43:49Z</time>
<ele>58.23995808245938</ele>
</trkpt>
<trkpt lat="35.8601614" lon="139.9712828">
<time>2026-06-02T08:43:50Z</time>
<ele>58.27315987579072</ele>
</trkpt>
<trkpt lat="35.8601579" lon="139.9712588">
<time>2026-06-02T08:43:51Z</time>
<ele>58.23995808245938</ele>
</trkpt>
<trkpt lat="35.8601608" lon="139.9712454">
<time>2026-06-02T08:43:52Z</time>
<ele>58.345539245834615</ele>
</trkpt>
<trkpt lat="35.8601616" lon="139.9712295">
<time>2026-06-02T08:43:53Z</time>
<ele>58.24022831450978</ele>
</trkpt>
<trkpt lat="35.860163" lon="139.9712118">
<time>2026-06-02T08:43:54Z</time>
<ele>58.07810117553982</ele>
</trkpt>
<trkpt lat="35.8601651" lon="139.9711961">
<time>2026-06-02T08:43:55Z</time>
<ele>58.100543154106646</ele>
</trkpt>
<trkpt lat="35.8601677" lon="139.9711802">
<time>2026-06-02T08:43:56Z</time>
<ele>58.09483673718388</ele>
</trkpt>
<trkpt lat="35.8601692" lon="139.9711637">
<time>2026-06-02T08:43:57Z</time>
<ele>58.035178968794206</ele>
</trkpt>
<trkpt lat="35.8601726" lon="139.9711264">
<time>2026-06-02T08:43:59Z</time>
<ele>58.09483673718388</ele>
</trkpt>
<trkpt lat="35.8601727" lon="139.971105">
<time>2026-06-02T08:44:00Z</time>
<ele>58.04451667913586</ele>
</trkpt>
<trkpt lat="35.8601734" lon="139.9710875">
<time>2026-06-02T08:44:01Z</time>
<ele>58.09964282492676</ele>
</trkpt>
<trkpt lat="35.8601734" lon="139.9710723">
<time>2026-06-02T08:44:02Z</time>
<ele>58.15930059331643</ele>
</trkpt>
<trkpt lat="35.8601751" lon="139.9710578">
<time>2026-06-02T08:44:03Z</time>
<ele>58.09483673718388</ele>
</trkpt>
<trkpt lat="35.8601783" lon="139.9710408">
<time>2026-06-02T08:44:04Z</time>
<ele>58.212078426954925</ele>
</trkpt>
<trkpt lat="35.8601844" lon="139.97103">
<time>2026-06-02T08:44:05Z</time>
<ele>59.89999771118164</ele>
</trkpt>
<trkpt lat="35.8601953" lon="139.9710221">
<time>2026-06-02T08:44:06Z</time>
<ele>58.231105122155846</ele>
</trkpt>
<trkpt lat="35.8602097" lon="139.9710175">
<time>2026-06-02T08:44:07Z</time>
<ele>58.246668560418954</ele>
</trkpt>
<trkpt lat="35.8602249" lon="139.9710096">
<time>2026-06-02T08:44:09Z</time>
<ele>58.231105122155846</ele>
</trkpt>
<trkpt lat="35.860238" lon="139.9710091">
<time>2026-06-02T08:44:10Z</time>
<ele>58.246668560418954</ele>
</trkpt>
<trkpt lat="35.8602501" lon="139.9710095">
<time>2026-06-02T08:44:11Z</time>
<ele>59.89999771118164</ele>
</trkpt>
<trkpt lat="35.8602634" lon="139.9710098">
<time>2026-06-02T08:44:13Z</time>
<ele>59.89999771118164</ele>
</trkpt>
<trkpt lat="35.8602741" lon="139.9710084">
<time>2026-06-02T08:44:14Z</time>
<ele>59.89999771118164</ele>
</trkpt>
<trkpt lat="35.8602854" lon="139.9710075">
<time>2026-06-02T08:44:15Z</time>
<ele>59.89999771118164</ele>
</trkpt>
<trkpt lat="35.8602961" lon="139.9710076">
<time>2026-06-02T08:44:16Z</time>
<ele>59.89999771118164</ele>
</trkpt>
<trkpt lat="35.8603073" lon="139.9710073">
<time>2026-06-02T08:44:17Z</time>
<ele>59.89999771118164</ele>
</trkpt>
<trkpt lat="35.8603192" lon="139.9710062">
<time>2026-06-02T08:44:18Z</time>
<ele>59.89999771118164</ele>
</trkpt>
<trkpt lat="35.8603298" lon="139.9710061">
<time>2026-06-02T08:44:19Z</time>
<ele>59.89999771118164</ele>
</trkpt>
<trkpt lat="35.8603399" lon="139.9710066">
<time>2026-06-02T08:44:20Z</time>
<ele>59.5</ele>
</trkpt>
<trkpt lat="35.8603499" lon="139.9710053">
<time>2026-06-02T08:44:21Z</time>
<ele>59.5</ele>
</trkpt>
<trkpt lat="35.8603602" lon="139.9710076">
<time>2026-06-02T08:44:22Z</time>
<ele>59.5</ele>
</trkpt>
<trkpt lat="35.8603716" lon="139.9710114">
<time>2026-06-02T08:44:23Z</time>
<ele>59.5</ele>
</trkpt>
<trkpt lat="35.8603841" lon="139.9710105">
<time>2026-06-02T08:44:24Z</time>
<ele>59.5</ele>
</trkpt>
<trkpt lat="35.8603945" lon="139.9710105">
<time>2026-06-02T08:44:25Z</time>
<ele>59.5</ele>
</trkpt>
<trkpt lat="35.8604059" lon="139.971011">
<time>2026-06-02T08:44:26Z</time>
<ele>59.5</ele>
</trkpt>
<trkpt lat="35.8604152" lon="139.9710163">
<time>2026-06-02T08:44:27Z</time>
<ele>59.5</ele>
</trkpt>
<trkpt lat="35.8604244" lon="139.9710184">
<time>2026-06-02T08:44:28Z</time>
<ele>59.5</ele>
</trkpt>
<trkpt lat="35.8604377" lon="139.9710175">
<time>2026-06-02T08:44:29Z</time>
<ele>59.5</ele>
</trkpt>
<trkpt lat="35.8604479" lon="139.9710189">
<time>2026-06-02T08:44:30Z</time>
<ele>59.5</ele>
</trkpt>
<trkpt lat="35.8604615" lon="139.9710187">
<time>2026-06-02T08:44:31Z</time>
<ele>59.5</ele>
</trkpt>
<trkpt lat="35.8604725" lon="139.9710177">
<time>2026-06-02T08:44:32Z</time>
<ele>59.5</ele>
</trkpt>
<trkpt lat="35.8604832" lon="139.9710183">
<time>2026-06-02T08:44:33Z</time>
<ele>59.5</ele>
</trkpt>
<trkpt lat="35.8604931" lon="139.9710205">
<time>2026-06-02T08:44:34Z</time>
<ele>59.5</ele>
</trkpt>
<trkpt lat="35.8605044" lon="139.9710249">
<time>2026-06-02T08:44:35Z</time>
<ele>59.5</ele>
</trkpt>
<trkpt lat="35.8605171" lon="139.9710304">
<time>2026-06-02T08:44:36Z</time>
<ele>59.5</ele>
</trkpt>
<trkpt lat="35.8605309" lon="139.9710361">
<time>2026-06-02T08:44:37Z</time>
<ele>59.5</ele>
</trkpt>
<trkpt lat="35.8605447" lon="139.971043">
<time>2026-06-02T08:44:38Z</time>
<ele>59.5</ele>
</trkpt>
<trkpt lat="35.8605627" lon="139.971054">
<time>2026-06-02T08:44:39Z</time>
<ele>59.89999771118164</ele>
</trkpt>
<trkpt lat="35.8605795" lon="139.9710643">
<time>2026-06-02T08:44:40Z</time>
<ele>59.89999771118164</ele>
</trkpt>
<trkpt lat="35.8605929" lon="139.9710708">
<time>2026-06-02T08:44:41Z</time>
<ele>59.89999771118164</ele>
</trkpt>
<trkpt lat="35.8606053" lon="139.971078">
<time>2026-06-02T08:44:42Z</time>
<ele>59.89999771118164</ele>
</trkpt>
<trkpt lat="35.8606143" lon="139.9710848">
<time>2026-06-02T08:44:43Z</time>
<ele>59.89999771118164</ele>
</trkpt>
<trkpt lat="35.8606254" lon="139.9710932">
<time>2026-06-02T08:44:44Z</time>
<ele>59.89999771118164</ele>
</trkpt>
<trkpt lat="35.8606364" lon="139.9711023">
<time>2026-06-02T08:44:45Z</time>
<ele>59.89999771118164</ele>
</trkpt>
<trkpt lat="35.8606455" lon="139.9711098">
<time>2026-06-02T08:44:46Z</time>
<ele>59.89999771118164</ele>
</trkpt>
<trkpt lat="35.860658" lon="139.971117">
<time>2026-06-02T08:44:47Z</time>
<ele>59.89999771118164</ele>
</trkpt>
<trkpt lat="35.8606673" lon="139.9711226">
<time>2026-06-02T08:44:48Z</time>
<ele>59.89999771118164</ele>
</trkpt>
<trkpt lat="35.8606827" lon="139.9711331">
<time>2026-06-02T08:44:50Z</time>
<ele>59.89999771118164</ele>
</trkpt>
<trkpt lat="35.860693" lon="139.971139">
<time>2026-06-02T08:44:51Z</time>
<ele>59.89999771118164</ele>
</trkpt>
<trkpt lat="35.8607033" lon="139.9711452">
<time>2026-06-02T08:44:52Z</time>
<ele>59.89999771118164</ele>
</trkpt>
<trkpt lat="35.8607142" lon="139.971156">
<time>2026-06-02T08:44:54Z</time>
<ele>59.89999771118164</ele>
</trkpt>
<trkpt lat="35.8607333" lon="139.9711594">
<time>2026-06-02T08:44:55Z</time>
<ele>59.89999771118164</ele>
</trkpt>
<trkpt lat="35.860745" lon="139.9711638">
<time>2026-06-02T08:44:56Z</time>
<ele>59.89999771118164</ele>
</trkpt>
<trkpt lat="35.8607543" lon="139.9711704">
<time>2026-06-02T08:44:57Z</time>
<ele>59.89999771118164</ele>
</trkpt>
<trkpt lat="35.8607647" lon="139.9711785">
<time>2026-06-02T08:44:58Z</time>
<ele>59.89999771118164</ele>
</trkpt>
<trkpt lat="35.8607737" lon="139.9711851">
<time>2026-06-02T08:44:59Z</time>
<ele>59.89999771118164</ele>
</trkpt>
<trkpt lat="35.860783" lon="139.9711911">
<time>2026-06-02T08:45:00Z</time>
<ele>59.89999771118164</ele>
</trkpt>
<trkpt lat="35.8607925" lon="139.9711937">
<time>2026-06-02T08:45:01Z</time>
<ele>59.89999771118164</ele>
</trkpt>
<trkpt lat="35.8608052" lon="139.9711925">
<time>2026-06-02T08:45:02Z</time>
<ele>59.89999771118164</ele>
</trkpt>
<trkpt lat="35.8608141" lon="139.9711848">
<time>2026-06-02T08:45:03Z</time>
<ele>59.89999771118164</ele>
</trkpt>
<trkpt lat="35.8608225" lon="139.9711806">
<time>2026-06-02T08:45:04Z</time>
<ele>59.89999771118164</ele>
</trkpt>
<trkpt lat="35.8608314" lon="139.971177">
<time>2026-06-02T08:45:05Z</time>
<ele>59.89999771118164</ele>
</trkpt>
<trkpt lat="35.8608475" lon="139.9711678">
<time>2026-06-02T08:45:08Z</time>
<ele>59.89999771118164</ele>
</trkpt>
<trkpt lat="35.8608472" lon="139.9711549">
<time>2026-06-02T08:45:10Z</time>
<ele>59.5</ele>
</trkpt>
<trkpt lat="35.8608387" lon="139.9711419">
<time>2026-06-02T08:45:14Z</time>
<ele>59.5</ele>
</trkpt>
<trkpt lat="35.8608555" lon="139.9711446">
<time>2026-06-02T08:45:19Z</time>
<ele>59.599998474121094</ele>
</trkpt>
<trkpt lat="35.8608653" lon="139.971147">
<time>2026-06-02T08:45:20Z</time>
<ele>59.599998474121094</ele>
</trkpt>
<trkpt lat="35.8608787" lon="139.9711435">
<time>2026-06-02T08:45:22Z</time>
<ele>59.599998474121094</ele>
</trkpt>
<trkpt lat="35.8608705" lon="139.9711332">
<time>2026-06-02T08:45:26Z</time>
<ele>59.89999771118164</ele>
</trkpt>
<trkpt lat="35.8609475" lon="139.9711439">
<time>2026-06-02T08:45:40Z</time>
<ele>59.89999771118164</ele>
</trkpt>
<trkpt lat="35.8609358" lon="139.9711414">
<time>2026-06-02T08:45:42Z</time>
<ele>59.89999771118164</ele>
</trkpt>
<trkpt lat="35.8609265" lon="139.9711438">
<time>2026-06-02T08:45:43Z</time>
<ele>59.89999771118164</ele>
</trkpt>
<trkpt lat="35.8608796" lon="139.9712624">
<time>2026-06-02T08:45:50Z</time>
<ele>59.5</ele>
</trkpt>
<trkpt lat="35.8608733" lon="139.971275">
<time>2026-06-02T08:45:51Z</time>
<ele>59.5</ele>
</trkpt>
<trkpt lat="35.8608692" lon="139.9712876">
<time>2026-06-02T08:45:52Z</time>
<ele>59.5</ele>
</trkpt>
<trkpt lat="35.8608658" lon="139.9713009">
<time>2026-06-02T08:45:53Z</time>
<ele>59.5</ele>
</trkpt>
<trkpt lat="35.8608656" lon="139.9713149">
<time>2026-06-02T08:45:54Z</time>
<ele>59.5</ele>
</trkpt>
<trkpt lat="35.8608637" lon="139.9713282">
<time>2026-06-02T08:45:55Z</time>
<ele>59.5</ele>
</trkpt>
<trkpt lat="35.8608603" lon="139.9713413">
<time>2026-06-02T08:45:56Z</time>
<ele>59.5</ele>
</trkpt>
<trkpt lat="35.8608557" lon="139.9713549">
<time>2026-06-02T08:45:57Z</time>
<ele>59.5</ele>
</trkpt>
<trkpt lat="35.8608512" lon="139.971369">
<time>2026-06-02T08:45:58Z</time>
<ele>59.5</ele>
</trkpt>
<trkpt lat="35.8608479" lon="139.9713829">
<time>2026-06-02T08:45:59Z</time>
<ele>59.5</ele>
</trkpt>
<trkpt lat="35.8608447" lon="139.9713968">
<time>2026-06-02T08:46:00Z</time>
<ele>59.5</ele>
</trkpt>
<trkpt lat="35.8608417" lon="139.9714103">
<time>2026-06-02T08:46:01Z</time>
<ele>59.5</ele>
</trkpt>
<trkpt lat="35.8608447" lon="139.9714276">
<time>2026-06-02T08:46:02Z</time>
<ele>59.89999771118164</ele>
</trkpt>
<trkpt lat="35.8608448" lon="139.9714415">
<time>2026-06-02T08:46:03Z</time>
<ele>59.89999771118164</ele>
</trkpt>
<trkpt lat="35.8608428" lon="139.9714547">
<time>2026-06-02T08:46:04Z</time>
<ele>59.89999771118164</ele>
</trkpt>
<trkpt lat="35.8608391" lon="139.9714677">
<time>2026-06-02T08:46:05Z</time>
<ele>59.89999771118164</ele>
</trkpt>
<trkpt lat="35.8608358" lon="139.971481">
<time>2026-06-02T08:46:06Z</time>
<ele>59.89999771118164</ele>
</trkpt>
<trkpt lat="35.8608329" lon="139.9714971">
<time>2026-06-02T08:46:07Z</time>
<ele>59.89999771118164</ele>
</trkpt>
<trkpt lat="35.8608308" lon="139.9715108">
<time>2026-06-02T08:46:08Z</time>
<ele>59.89999771118164</ele>
</trkpt>
<trkpt lat="35.8608356" lon="139.9715288">
<time>2026-06-02T08:46:09Z</time>
<ele>60.0</ele>
</trkpt>
<trkpt lat="35.8608384" lon="139.9715448">
<time>2026-06-02T08:46:10Z</time>
<ele>60.0</ele>
</trkpt>
<trkpt lat="35.8608381" lon="139.9715584">
<time>2026-06-02T08:46:11Z</time>
<ele>60.0</ele>
</trkpt>
<trkpt lat="35.8608384" lon="139.9715711">
<time>2026-06-02T08:46:12Z</time>
<ele>60.0</ele>
</trkpt>
<trkpt lat="35.8608398" lon="139.9715844">
<time>2026-06-02T08:46:13Z</time>
<ele>60.0</ele>
</trkpt>
<trkpt lat="35.8608416" lon="139.9715985">
<time>2026-06-02T08:46:14Z</time>
<ele>60.0</ele>
</trkpt>
<trkpt lat="35.8608442" lon="139.9716107">
<time>2026-06-02T08:46:15Z</time>
<ele>60.0</ele>
</trkpt>
<trkpt lat="35.8608475" lon="139.9716225">
<time>2026-06-02T08:46:16Z</time>
<ele>60.0</ele>
</trkpt>
<trkpt lat="35.8608557" lon="139.9716369">
<time>2026-06-02T08:46:17Z</time>
<ele>59.89999771118164</ele>
</trkpt>
<trkpt lat="35.8608584" lon="139.9716475">
<time>2026-06-02T08:46:18Z</time>
<ele>59.89999771118164</ele>
</trkpt>
<trkpt lat="35.8608618" lon="139.9716618">
<time>2026-06-02T08:46:20Z</time>
<ele>59.89999771118164</ele>
</trkpt>
<trkpt lat="35.8608565" lon="139.9716829">
<time>2026-06-02T08:46:23Z</time>
<ele>59.89999771118164</ele>
</trkpt>
<trkpt lat="35.8608542" lon="139.9716998">
<time>2026-06-02T08:46:24Z</time>
<ele>60.0</ele>
</trkpt>
<trkpt lat="35.8608543" lon="139.9717195">
<time>2026-06-02T08:46:26Z</time>
<ele>60.0</ele>
</trkpt>
<trkpt lat="35.8608578" lon="139.9717361">
<time>2026-06-02T08:46:27Z</time>
<ele>60.0</ele>
</trkpt>
<trkpt lat="35.8608652" lon="139.9717467">
<time>2026-06-02T08:46:28Z</time>
<ele>60.0</ele>
</trkpt>
<trkpt lat="35.8608762" lon="139.9717531">
<time>2026-06-02T08:46:29Z</time>
<ele>60.0</ele>
</trkpt>
<trkpt lat="35.8608919" lon="139.9717575">
<time>2026-06-02T08:46:31Z</time>
<ele>60.0</ele>
</trkpt>
<trkpt lat="35.8609035" lon="139.971758">
<time>2026-06-02T08:46:32Z</time>
<ele>60.0</ele>
</trkpt>
<trkpt lat="35.8609154" lon="139.9717599">
<time>2026-06-02T08:46:33Z</time>
<ele>60.0</ele>
</trkpt>
<trkpt lat="35.860927" lon="139.971762">
<time>2026-06-02T08:46:34Z</time>
<ele>60.0</ele>
</trkpt>
<trkpt lat="35.86094" lon="139.9717641">
<time>2026-06-02T08:46:35Z</time>
<ele>60.0</ele>
</trkpt>
<trkpt lat="35.8614224" lon="139.9718896">
<time>2026-06-02T08:47:22Z</time>
<ele>60.099998474121094</ele>
</trkpt>
<trkpt lat="35.8614979" lon="139.9719195">
<time>2026-06-02T08:47:29Z</time>
<ele>60.099998474121094</ele>
</trkpt>
<trkpt lat="35.8615098" lon="139.9719284">
<time>2026-06-02T08:47:30Z</time>
<ele>60.099998474121094</ele>
</trkpt>
<trkpt lat="35.8615426" lon="139.9719341">
<time>2026-06-02T08:47:33Z</time>
<ele>60.099998474121094</ele>
</trkpt>
<trkpt lat="35.8615557" lon="139.9719371">
<time>2026-06-02T08:47:34Z</time>
<ele>60.099998474121094</ele>
</trkpt>
<trkpt lat="35.8615688" lon="139.9719426">
<time>2026-06-02T08:47:36Z</time>
<ele>60.099998474121094</ele>
</trkpt>
<trkpt lat="35.8615818" lon="139.97195">
<time>2026-06-02T08:47:37Z</time>
<ele>60.099998474121094</ele>
</trkpt>
<trkpt lat="35.8615938" lon="139.9719564">
<time>2026-06-02T08:47:38Z</time>
<ele>60.099998474121094</ele>
</trkpt>
<trkpt lat="35.8616137" lon="139.9719632">
<time>2026-06-02T08:47:39Z</time>
<ele>60.099998474121094</ele>
</trkpt>
<trkpt lat="35.8616437" lon="139.971946">
<time>2026-06-02T08:47:59Z</time>
<ele>60.099998474121094</ele>
</trkpt>
<trkpt lat="35.8616368" lon="139.9719574">
<time>2026-06-02T08:48:02Z</time>
<ele>60.099998474121094</ele>
</trkpt>
<trkpt lat="35.8616459" lon="139.9719608">
<time>2026-06-02T08:48:10Z</time>
<ele>60.099998474121094</ele>
</trkpt>
<trkpt lat="35.8616542" lon="139.9719678">
<time>2026-06-02T08:48:15Z</time>
<ele>60.099998474121094</ele>
</trkpt>
<trkpt lat="35.8616686" lon="139.9719857">
<time>2026-06-02T08:48:17Z</time>
<ele>60.099998474121094</ele>
</trkpt>
<trkpt lat="35.8616757" lon="139.9720052">
<time>2026-06-02T08:48:18Z</time>
<ele>60.099998474121094</ele>
</trkpt>
<trkpt lat="35.8616789" lon="139.972021">
<time>2026-06-02T08:48:19Z</time>
<ele>60.099998474121094</ele>
</trkpt>
<trkpt lat="35.8616825" lon="139.9720357">
<time>2026-06-02T08:48:20Z</time>
<ele>60.099998474121094</ele>
</trkpt>
<trkpt lat="35.8616842" lon="139.9720485">
<time>2026-06-02T08:48:21Z</time>
<ele>60.20000076293945</ele>
</trkpt>
<trkpt lat="35.8616825" lon="139.9720726">
<time>2026-06-02T08:48:23Z</time>
<ele>60.20000076293945</ele>
</trkpt>
<trkpt lat="35.8616826" lon="139.9720842">
<time>2026-06-02T08:48:24Z</time>
<ele>60.20000076293945</ele>
</trkpt>
<trkpt lat="35.861678" lon="139.9721006">
<time>2026-06-02T08:48:26Z</time>
<ele>60.20000076293945</ele>
</trkpt>
<trkpt lat="35.8616672" lon="139.9721131">
<time>2026-06-02T08:48:28Z</time>
<ele>60.20000076293945</ele>
</trkpt>
<trkpt lat="35.861653" lon="139.9721308">
<time>2026-06-02T08:48:29Z</time>
<ele>60.29999923706055</ele>
</trkpt>
<trkpt lat="35.8616413" lon="139.9721398">
<time>2026-06-02T08:48:30Z</time>
<ele>60.29999923706055</ele>
</trkpt>
<trkpt lat="35.8616328" lon="139.9721447">
<time>2026-06-02T08:48:31Z</time>
<ele>60.29999923706055</ele>
</trkpt>
<trkpt lat="35.861621" lon="139.9721554">
<time>2026-06-02T08:48:33Z</time>
<ele>60.29999923706055</ele>
</trkpt>
<trkpt lat="35.8616146" lon="139.9721645">
<time>2026-06-02T08:48:34Z</time>
<ele>60.29999923706055</ele>
</trkpt>
<trkpt lat="35.8616087" lon="139.9721746">
<time>2026-06-02T08:48:35Z</time>
<ele>60.29999923706055</ele>
</trkpt>
<trkpt lat="35.8615972" lon="139.9721896">
<time>2026-06-02T08:48:37Z</time>
<ele>60.20000076293945</ele>
</trkpt>
<trkpt lat="35.8615909" lon="139.9721988">
<time>2026-06-02T08:48:38Z</time>
<ele>60.20000076293945</ele>
</trkpt>
<trkpt lat="35.8615843" lon="139.9722101">
<time>2026-06-02T08:48:39Z</time>
<ele>60.20000076293945</ele>
</trkpt>
<trkpt lat="35.8615791" lon="139.9722193">
<time>2026-06-02T08:48:40Z</time>
<ele>60.20000076293945</ele>
</trkpt>
<trkpt lat="35.8615685" lon="139.9722371">
<time>2026-06-02T08:48:42Z</time>
<ele>60.20000076293945</ele>
</trkpt>
<trkpt lat="35.861563" lon="139.9722481">
<time>2026-06-02T08:48:43Z</time>
<ele>60.20000076293945</ele>
</trkpt>
<trkpt lat="35.8615422" lon="139.972255">
<time>2026-06-02T08:48:44Z</time>
<ele>60.70000076293945</ele>
</trkpt>
<trkpt lat="35.8615282" lon="139.9722624">
<time>2026-06-02T08:48:45Z</time>
<ele>60.70000076293945</ele>
</trkpt>
<trkpt lat="35.861519" lon="139.972272">
<time>2026-06-02T08:48:46Z</time>
<ele>60.70000076293945</ele>
</trkpt>
<trkpt lat="35.8615059" lon="139.9722865">
<time>2026-06-02T08:48:48Z</time>
<ele>60.70000076293945</ele>
</trkpt>
<trkpt lat="35.8614988" lon="139.9722942">
<time>2026-06-02T08:48:49Z</time>
<ele>60.70000076293945</ele>
</trkpt>
<trkpt lat="35.8614918" lon="139.9723025">
<time>2026-06-02T08:48:50Z</time>
<ele>60.70000076293945</ele>
</trkpt>
<trkpt lat="35.8614871" lon="139.9723159">
<time>2026-06-02T08:48:51Z</time>
<ele>60.70000076293945</ele>
</trkpt>
<trkpt lat="35.8614836" lon="139.9723308">
<time>2026-06-02T08:48:52Z</time>
<ele>60.70000076293945</ele>
</trkpt>
<trkpt lat="35.8614775" lon="139.9723423">
<time>2026-06-02T08:48:53Z</time>
<ele>60.70000076293945</ele>
</trkpt>
<trkpt lat="35.8614703" lon="139.9723544">
<time>2026-06-02T08:48:54Z</time>
<ele>60.70000076293945</ele>
</trkpt>
<trkpt lat="35.8614622" lon="139.9723654">
<time>2026-06-02T08:48:55Z</time>
<ele>60.70000076293945</ele>
</trkpt>
<trkpt lat="35.8614543" lon="139.9723742">
<time>2026-06-02T08:48:56Z</time>
<ele>60.70000076293945</ele>
</trkpt>
<trkpt lat="35.8614468" lon="139.9723827">
<time>2026-06-02T08:48:57Z</time>
<ele>60.70000076293945</ele>
</trkpt>
<trkpt lat="35.8614394" lon="139.9723913">
<time>2026-06-02T08:48:58Z</time>
<ele>60.70000076293945</ele>
</trkpt>
<trkpt lat="35.8614326" lon="139.9724">
<time>2026-06-02T08:48:59Z</time>
<ele>60.5</ele>
</trkpt>
<trkpt lat="35.8614253" lon="139.972409">
<time>2026-06-02T08:49:00Z</time>
<ele>60.5</ele>
</trkpt>
<trkpt lat="35.861417" lon="139.9724179">
<time>2026-06-02T08:49:01Z</time>
<ele>60.5</ele>
</trkpt>
<trkpt lat="35.8614094" lon="139.9724273">
<time>2026-06-02T08:49:02Z</time>
<ele>60.5</ele>
</trkpt>
<trkpt lat="35.861403" lon="139.9724352">
<time>2026-06-02T08:49:03Z</time>
<ele>60.5</ele>
</trkpt>
<trkpt lat="35.8613945" lon="139.9724455">
<time>2026-06-02T08:49:04Z</time>
<ele>60.5</ele>
</trkpt>
<trkpt lat="35.8613799" lon="139.9724565">
<time>2026-06-02T08:49:06Z</time>
<ele>60.70000076293945</ele>
</trkpt>
<trkpt lat="35.8613715" lon="139.9724625">
<time>2026-06-02T08:49:07Z</time>
<ele>60.70000076293945</ele>
</trkpt>
<trkpt lat="35.8613593" lon="139.9724754">
<time>2026-06-02T08:49:09Z</time>
<ele>60.70000076293945</ele>
</trkpt>
<trkpt lat="35.8613483" lon="139.9724861">
<time>2026-06-02T08:49:11Z</time>
<ele>60.70000076293945</ele>
</trkpt>
<trkpt lat="35.8613364" lon="139.9724957">
<time>2026-06-02T08:49:13Z</time>
<ele>60.70000076293945</ele>
</trkpt>
<trkpt lat="35.8613179" lon="139.9725116">
<time>2026-06-02T08:49:14Z</time>
<ele>60.89999771118164</ele>
</trkpt>
<trkpt lat="35.8613048" lon="139.9725226">
<time>2026-06-02T08:49:15Z</time>
<ele>60.89999771118164</ele>
</trkpt>
<trkpt lat="35.8612945" lon="139.9725281">
<time>2026-06-02T08:49:16Z</time>
<ele>60.89999771118164</ele>
</trkpt>
<trkpt lat="35.8612853" lon="139.9725339">
<time>2026-06-02T08:49:17Z</time>
<ele>60.89999771118164</ele>
</trkpt>
<trkpt lat="35.8612685" lon="139.9725388">
<time>2026-06-02T08:49:19Z</time>
<ele>60.89999771118164</ele>
</trkpt>
<trkpt lat="35.8612591" lon="139.9725465">
<time>2026-06-02T08:49:20Z</time>
<ele>60.89999771118164</ele>
</trkpt>
<trkpt lat="35.86125" lon="139.9725503">
<time>2026-06-02T08:49:21Z</time>
<ele>61.0</ele>
</trkpt>
<trkpt lat="35.8612351" lon="139.9725698">
<time>2026-06-02T08:49:22Z</time>
<ele>61.0</ele>
</trkpt>
<trkpt lat="35.8612267" lon="139.9725773">
<time>2026-06-02T08:49:23Z</time>
<ele>61.0</ele>
</trkpt>
<trkpt lat="35.861214" lon="139.9725884">
<time>2026-06-02T08:49:25Z</time>
<ele>61.0</ele>
</trkpt>
<trkpt lat="35.8612005" lon="139.9725972">
<time>2026-06-02T08:49:27Z</time>
<ele>61.0</ele>
</trkpt>
<trkpt lat="35.8611925" lon="139.9726311">
<time>2026-06-02T08:49:29Z</time>
<ele>60.89999771118164</ele>
</trkpt>
<trkpt lat="35.8611872" lon="139.9726538">
<time>2026-06-02T08:49:30Z</time>
<ele>60.89999771118164</ele>
</trkpt>
<trkpt lat="35.86118" lon="139.972662">
<time>2026-06-02T08:49:31Z</time>
<ele>60.89999771118164</ele>
</trkpt>
<trkpt lat="35.8611638" lon="139.9726695">
<time>2026-06-02T08:49:33Z</time>
<ele>60.89999771118164</ele>
</trkpt>
<trkpt lat="35.8611486" lon="139.9726781">
<time>2026-06-02T08:49:35Z</time>
<ele>60.89999771118164</ele>
</trkpt>
<trkpt lat="35.8611357" lon="139.9727014">
<time>2026-06-02T08:49:37Z</time>
<ele>60.70000076293945</ele>
</trkpt>
<trkpt lat="35.8611271" lon="139.9727113">
<time>2026-06-02T08:49:38Z</time>
<ele>60.70000076293945</ele>
</trkpt>
<trkpt lat="35.8611125" lon="139.9727195">
<time>2026-06-02T08:49:40Z</time>
<ele>60.89999771118164</ele>
</trkpt>
<trkpt lat="35.8611092" lon="139.9727448">
<time>2026-06-02T08:49:42Z</time>
<ele>60.89999771118164</ele>
</trkpt>
<trkpt lat="35.8611136" lon="139.9727644">
<time>2026-06-02T08:49:43Z</time>
<ele>60.89999771118164</ele>
</trkpt>
<trkpt lat="35.8611107" lon="139.9727766">
<time>2026-06-02T08:49:44Z</time>
<ele>61.20000076293945</ele>
</trkpt>
<trkpt lat="35.8611032" lon="139.9727862">
<time>2026-06-02T08:49:45Z</time>
<ele>61.20000076293945</ele>
</trkpt>
<trkpt lat="35.8610955" lon="139.9727967">
<time>2026-06-02T08:49:46Z</time>
<ele>61.20000076293945</ele>
</trkpt>
<trkpt lat="35.8610894" lon="139.972807">
<time>2026-06-02T08:49:47Z</time>
<ele>61.20000076293945</ele>
</trkpt>
<trkpt lat="35.8610783" lon="139.9728232">
<time>2026-06-02T08:49:49Z</time>
<ele>61.20000076293945</ele>
</trkpt>
<trkpt lat="35.8610705" lon="139.9728307">
<time>2026-06-02T08:49:50Z</time>
<ele>61.20000076293945</ele>
</trkpt>
<trkpt lat="35.861063" lon="139.9728391">
<time>2026-06-02T08:49:51Z</time>
<ele>61.20000076293945</ele>
</trkpt>
<trkpt lat="35.861058" lon="139.9728533">
<time>2026-06-02T08:49:52Z</time>
<ele>61.20000076293945</ele>
</trkpt>
<trkpt lat="35.8610529" lon="139.9728671">
<time>2026-06-02T08:49:53Z</time>
<ele>61.20000076293945</ele>
</trkpt>
<trkpt lat="35.8610411" lon="139.9728847">
<time>2026-06-02T08:49:55Z</time>
<ele>61.20000076293945</ele>
</trkpt>
<trkpt lat="35.8610357" lon="139.9728976">
<time>2026-06-02T08:49:56Z</time>
<ele>61.20000076293945</ele>
</trkpt>
<trkpt lat="35.8610285" lon="139.972911">
<time>2026-06-02T08:49:57Z</time>
<ele>61.20000076293945</ele>
</trkpt>
<trkpt lat="35.8610211" lon="139.9729211">
<time>2026-06-02T08:49:58Z</time>
<ele>61.20000076293945</ele>
</trkpt>
<trkpt lat="35.8610127" lon="139.9729317">
<time>2026-06-02T08:49:59Z</time>
<ele>61.20000076293945</ele>
</trkpt>
<trkpt lat="35.8610053" lon="139.9729426">
<time>2026-06-02T08:50:00Z</time>
<ele>61.20000076293945</ele>
</trkpt>
<trkpt lat="35.8609975" lon="139.9729524">
<time>2026-06-02T08:50:01Z</time>
<ele>61.20000076293945</ele>
</trkpt>
<trkpt lat="35.8609892" lon="139.9729612">
<time>2026-06-02T08:50:02Z</time>
<ele>61.20000076293945</ele>
</trkpt>
<trkpt lat="35.8609812" lon="139.9729694">
<time>2026-06-02T08:50:03Z</time>
<ele>61.20000076293945</ele>
</trkpt>
<trkpt lat="35.8609727" lon="139.9729772">
<time>2026-06-02T08:50:04Z</time>
<ele>61.20000076293945</ele>
</trkpt>
<trkpt lat="35.8609633" lon="139.9729847">
<time>2026-06-02T08:50:05Z</time>
<ele>61.20000076293945</ele>
</trkpt>
<trkpt lat="35.8609539" lon="139.9729915">
<time>2026-06-02T08:50:06Z</time>
<ele>61.20000076293945</ele>
</trkpt>
<trkpt lat="35.8609445" lon="139.9729983">
<time>2026-06-02T08:50:07Z</time>
<ele>61.20000076293945</ele>
</trkpt>
<trkpt lat="35.8609346" lon="139.9730049">
<time>2026-06-02T08:50:08Z</time>
<ele>61.20000076293945</ele>
</trkpt>
<trkpt lat="35.8609306" lon="139.9730205">
<time>2026-06-02T08:50:09Z</time>
<ele>61.20000076293945</ele>
</trkpt>
<trkpt lat="35.8609276" lon="139.9730354">
<time>2026-06-02T08:50:10Z</time>
<ele>61.20000076293945</ele>
</trkpt>
<trkpt lat="35.8609192" lon="139.9730458">
<time>2026-06-02T08:50:11Z</time>
<ele>61.20000076293945</ele>
</trkpt>
<trkpt lat="35.8609128" lon="139.9730605">
<time>2026-06-02T08:50:12Z</time>
<ele>61.20000076293945</ele>
</trkpt>
<trkpt lat="35.8609034" lon="139.9730777">
<time>2026-06-02T08:50:13Z</time>
<ele>61.20000076293945</ele>
</trkpt>
<trkpt lat="35.8608889" lon="139.9730961">
<time>2026-06-02T08:50:14Z</time>
<ele>61.20000076293945</ele>
</trkpt>
<trkpt lat="35.8608759" lon="139.973113">
<time>2026-06-02T08:50:16Z</time>
<ele>61.20000076293945</ele>
</trkpt>
<trkpt lat="35.8608581" lon="139.9731387">
<time>2026-06-02T08:50:17Z</time>
<ele>62.29999923706055</ele>
</trkpt>
<trkpt lat="35.8608484" lon="139.9731511">
<time>2026-06-02T08:50:18Z</time>
<ele>62.29999923706055</ele>
</trkpt>
<trkpt lat="35.8608402" lon="139.97316">
<time>2026-06-02T08:50:19Z</time>
<ele>62.29999923706055</ele>
</trkpt>
<trkpt lat="35.8608339" lon="139.973168">
<time>2026-06-02T08:50:20Z</time>
<ele>62.29999923706055</ele>
</trkpt>
<trkpt lat="35.8608262" lon="139.9731783">
<time>2026-06-02T08:50:21Z</time>
<ele>62.29999923706055</ele>
</trkpt>
<trkpt lat="35.8608191" lon="139.973187">
<time>2026-06-02T08:50:22Z</time>
<ele>62.29999923706055</ele>
</trkpt>
<trkpt lat="35.8608106" lon="139.9731967">
<time>2026-06-02T08:50:23Z</time>
<ele>62.29999923706055</ele>
</trkpt>
<trkpt lat="35.8608052" lon="139.9732068">
<time>2026-06-02T08:50:24Z</time>
<ele>62.29999923706055</ele>
</trkpt>
<trkpt lat="35.8607975" lon="139.9732166">
<time>2026-06-02T08:50:25Z</time>
<ele>62.29999923706055</ele>
</trkpt>
<trkpt lat="35.86079" lon="139.9732247">
<time>2026-06-02T08:50:26Z</time>
<ele>62.29999923706055</ele>
</trkpt>
<trkpt lat="35.8607828" lon="139.9732333">
<time>2026-06-02T08:50:27Z</time>
<ele>62.29999923706055</ele>
</trkpt>
<trkpt lat="35.8607759" lon="139.9732421">
<time>2026-06-02T08:50:28Z</time>
<ele>62.29999923706055</ele>
</trkpt>
<trkpt lat="35.8607669" lon="139.9732536">
<time>2026-06-02T08:50:29Z</time>
<ele>62.29999923706055</ele>
</trkpt>
<trkpt lat="35.8607576" lon="139.9732641">
<time>2026-06-02T08:50:30Z</time>
<ele>62.29999923706055</ele>
</trkpt>
<trkpt lat="35.8607497" lon="139.973274">
<time>2026-06-02T08:50:31Z</time>
<ele>61.20000076293945</ele>
</trkpt>
<trkpt lat="35.8607414" lon="139.9732835">
<time>2026-06-02T08:50:32Z</time>
<ele>61.20000076293945</ele>
</trkpt>
<trkpt lat="35.860732" lon="139.9732898">
<time>2026-06-02T08:50:33Z</time>
<ele>61.20000076293945</ele>
</trkpt>
<trkpt lat="35.8607225" lon="139.9732961">
<time>2026-06-02T08:50:34Z</time>
<ele>61.20000076293945</ele>
</trkpt>
<trkpt lat="35.8607128" lon="139.9733074">
<time>2026-06-02T08:50:35Z</time>
<ele>61.20000076293945</ele>
</trkpt>
<trkpt lat="35.860705" lon="139.9733205">
<time>2026-06-02T08:50:36Z</time>
<ele>61.20000076293945</ele>
</trkpt>
<trkpt lat="35.8606972" lon="139.973331">
<time>2026-06-02T08:50:37Z</time>
<ele>61.20000076293945</ele>
</trkpt>
<trkpt lat="35.8606899" lon="139.9733416">
<time>2026-06-02T08:50:38Z</time>
<ele>61.20000076293945</ele>
</trkpt>
<trkpt lat="35.8606836" lon="139.9733554">
<time>2026-06-02T08:50:39Z</time>
<ele>61.20000076293945</ele>
</trkpt>
<trkpt lat="35.8606756" lon="139.973367">
<time>2026-06-02T08:50:40Z</time>
<ele>61.20000076293945</ele>
</trkpt>
<trkpt lat="35.8606678" lon="139.9733765">
<time>2026-06-02T08:50:41Z</time>
<ele>61.20000076293945</ele>
</trkpt>
<trkpt lat="35.8606614" lon="139.9733903">
<time>2026-06-02T08:50:42Z</time>
<ele>61.20000076293945</ele>
</trkpt>
<trkpt lat="35.8606538" lon="139.9734004">
<time>2026-06-02T08:50:43Z</time>
<ele>61.20000076293945</ele>
</trkpt>
<trkpt lat="35.8606467" lon="139.9734116">
<time>2026-06-02T08:50:44Z</time>
<ele>61.20000076293945</ele>
</trkpt>
<trkpt lat="35.8606395" lon="139.9734218">
<time>2026-06-02T08:50:45Z</time>
<ele>61.20000076293945</ele>
</trkpt>
<trkpt lat="35.8606259" lon="139.973438">
<time>2026-06-02T08:50:47Z</time>
<ele>61.20000076293945</ele>
</trkpt>
<trkpt lat="35.8606178" lon="139.9734447">
<time>2026-06-02T08:50:48Z</time>
<ele>61.20000076293945</ele>
</trkpt>
<trkpt lat="35.8606082" lon="139.9734531">
<time>2026-06-02T08:50:49Z</time>
<ele>61.20000076293945</ele>
</trkpt>
<trkpt lat="35.8605993" lon="139.9734625">
<time>2026-06-02T08:50:50Z</time>
<ele>61.20000076293945</ele>
</trkpt>
<trkpt lat="35.8605892" lon="139.9734723">
<time>2026-06-02T08:50:51Z</time>
<ele>61.20000076293945</ele>
</trkpt>
<trkpt lat="35.8605788" lon="139.9734818">
<time>2026-06-02T08:50:52Z</time>
<ele>61.20000076293945</ele>
</trkpt>
<trkpt lat="35.8605694" lon="139.9734914">
<time>2026-06-02T08:50:53Z</time>
<ele>61.20000076293945</ele>
</trkpt>
<trkpt lat="35.8605611" lon="139.9735009">
<time>2026-06-02T08:50:54Z</time>
<ele>61.20000076293945</ele>
</trkpt>
<trkpt lat="35.8605504" lon="139.9735366">
<time>2026-06-02T08:50:55Z</time>
<ele>61.5</ele>
</trkpt>
<trkpt lat="35.8605495" lon="139.9735489">
<time>2026-06-02T08:50:56Z</time>
<ele>61.5</ele>
</trkpt>
<trkpt lat="35.8605415" lon="139.9735669">
<time>2026-06-02T08:50:59Z</time>
<ele>61.5</ele>
</trkpt>
<trkpt lat="35.8605355" lon="139.9735761">
<time>2026-06-02T08:51:00Z</time>
<ele>61.5</ele>
</trkpt>
<trkpt lat="35.8605287" lon="139.9735864">
<time>2026-06-02T08:51:01Z</time>
<ele>61.5</ele>
</trkpt>
<trkpt lat="35.8605067" lon="139.9736084">
<time>2026-06-02T08:51:02Z</time>
<ele>61.5</ele>
</trkpt>
<trkpt lat="35.8604952" lon="139.9736197">
<time>2026-06-02T08:51:03Z</time>
<ele>61.5</ele>
</trkpt>
<trkpt lat="35.8604829" lon="139.9736247">
<time>2026-06-02T08:51:04Z</time>
<ele>61.5</ele>
</trkpt>
<trkpt lat="35.8604721" lon="139.9736248">
<time>2026-06-02T08:51:05Z</time>
<ele>61.5</ele>
</trkpt>
<trkpt lat="35.8604623" lon="139.9736217">
<time>2026-06-02T08:51:06Z</time>
<ele>61.5</ele>
</trkpt>
<trkpt lat="35.8604533" lon="139.9736174">
<time>2026-06-02T08:51:07Z</time>
<ele>61.5</ele>
</trkpt>
<trkpt lat="35.8604435" lon="139.9736087">
<time>2026-06-02T08:51:08Z</time>
<ele>61.5</ele>
</trkpt>
<trkpt lat="35.8604356" lon="139.9736006">
<time>2026-06-02T08:51:09Z</time>
<ele>61.5</ele>
</trkpt>
<trkpt lat="35.8604322" lon="139.9735858">
<time>2026-06-02T08:51:11Z</time>
<ele>61.5</ele>
</trkpt>
<trkpt lat="35.8604346" lon="139.9735718">
<time>2026-06-02T08:51:12Z</time>
<ele>61.5</ele>
</trkpt>
<trkpt lat="35.8604403" lon="139.9735607">
<time>2026-06-02T08:51:13Z</time>
<ele>61.5</ele>
</trkpt>
<trkpt lat="35.8604478" lon="139.9735471">
<time>2026-06-02T08:51:14Z</time>
<ele>61.5</ele>
</trkpt>
<trkpt lat="35.8604565" lon="139.9735327">
<time>2026-06-02T08:51:15Z</time>
<ele>61.5</ele>
</trkpt>
<trkpt lat="35.8604679" lon="139.9735161">
<time>2026-06-02T08:51:16Z</time>
<ele>61.39999771118164</ele>
</trkpt>
<trkpt lat="35.8604765" lon="139.973502">
<time>2026-06-02T08:51:17Z</time>
<ele>61.39999771118164</ele>
</trkpt>
<trkpt lat="35.860486" lon="139.97349">
<time>2026-06-02T08:51:18Z</time>
<ele>61.39999771118164</ele>
</trkpt>
<trkpt lat="35.8604922" lon="139.9734789">
<time>2026-06-02T08:51:19Z</time>
<ele>61.39999771118164</ele>
</trkpt>
<trkpt lat="35.8604978" lon="139.9734677">
<time>2026-06-02T08:51:20Z</time>
<ele>61.39999771118164</ele>
</trkpt>
<trkpt lat="35.8605043" lon="139.9734565">
<time>2026-06-02T08:51:21Z</time>
<ele>61.39999771118164</ele>
</trkpt>
<trkpt lat="35.8605124" lon="139.9734441">
<time>2026-06-02T08:51:22Z</time>
<ele>61.39999771118164</ele>
</trkpt>
<trkpt lat="35.8605212" lon="139.9734318">
<time>2026-06-02T08:51:23Z</time>
<ele>61.39999771118164</ele>
</trkpt>
<trkpt lat="35.8605324" lon="139.9734194">
<time>2026-06-02T08:51:24Z</time>
<ele>61.39999771118164</ele>
</trkpt>
<trkpt lat="35.8605405" lon="139.973409">
<time>2026-06-02T08:51:25Z</time>
<ele>61.39999771118164</ele>
</trkpt>
<trkpt lat="35.860547" lon="139.9733981">
<time>2026-06-02T08:51:26Z</time>
<ele>61.39999771118164</ele>
</trkpt>
<trkpt lat="35.8605523" lon="139.9733884">
<time>2026-06-02T08:51:27Z</time>
<ele>61.39999771118164</ele>
</trkpt>
<trkpt lat="35.8605594" lon="139.973377">
<time>2026-06-02T08:51:28Z</time>
<ele>61.39999771118164</ele>
</trkpt>
<trkpt lat="35.8605682" lon="139.9733666">
<time>2026-06-02T08:51:29Z</time>
<ele>61.39999771118164</ele>
</trkpt>
<trkpt lat="35.8605774" lon="139.9733563">
<time>2026-06-02T08:51:30Z</time>
<ele>61.39999771118164</ele>
</trkpt>
<trkpt lat="35.8605865" lon="139.9733492">
<time>2026-06-02T08:51:31Z</time>
<ele>61.29999923706055</ele>
</trkpt>
<trkpt lat="35.8605932" lon="139.9733409">
<time>2026-06-02T08:51:32Z</time>
<ele>61.29999923706055</ele>
</trkpt>
<trkpt lat="35.860601" lon="139.9733294">
<time>2026-06-02T08:51:33Z</time>
<ele>61.29999923706055</ele>
</trkpt>
<trkpt lat="35.8606091" lon="139.9733182">
<time>2026-06-02T08:51:34Z</time>
<ele>61.29999923706055</ele>
</trkpt>
<trkpt lat="35.8606158" lon="139.9733086">
<time>2026-06-02T08:51:35Z</time>
<ele>61.29999923706055</ele>
</trkpt>
<trkpt lat="35.8606212" lon="139.9732988">
<time>2026-06-02T08:51:36Z</time>
<ele>61.29999923706055</ele>
</trkpt>
<trkpt lat="35.8606246" lon="139.9732873">
<time>2026-06-02T08:51:37Z</time>
<ele>61.29999923706055</ele>
</trkpt>
<trkpt lat="35.8606278" lon="139.9732736">
<time>2026-06-02T08:51:38Z</time>
<ele>61.29999923706055</ele>
</trkpt>
<trkpt lat="35.8606334" lon="139.9732616">
<time>2026-06-02T08:51:39Z</time>
<ele>61.20000076293945</ele>
</trkpt>
<trkpt lat="35.8606392" lon="139.9732506">
<time>2026-06-02T08:51:40Z</time>
<ele>61.20000076293945</ele>
</trkpt>
<trkpt lat="35.8606478" lon="139.9732405">
<time>2026-06-02T08:51:41Z</time>
<ele>61.20000076293945</ele>
</trkpt>
<trkpt lat="35.8606557" lon="139.9732332">
<time>2026-06-02T08:51:42Z</time>
<ele>61.20000076293945</ele>
</trkpt>
<trkpt lat="35.8606649" lon="139.9732249">
<time>2026-06-02T08:51:43Z</time>
<ele>61.20000076293945</ele>
</trkpt>
<trkpt lat="35.8606739" lon="139.9732163">
<time>2026-06-02T08:51:44Z</time>
<ele>61.20000076293945</ele>
</trkpt>
<trkpt lat="35.8606814" lon="139.9732078">
<time>2026-06-02T08:51:45Z</time>
<ele>61.20000076293945</ele>
</trkpt>
<trkpt lat="35.8606888" lon="139.9731995">
<time>2026-06-02T08:51:46Z</time>
<ele>61.20000076293945</ele>
</trkpt>
<trkpt lat="35.8607049" lon="139.9731902">
<time>2026-06-02T08:51:47Z</time>
<ele>61.39999771118164</ele>
</trkpt>
<trkpt lat="35.8607157" lon="139.9731776">
<time>2026-06-02T08:51:49Z</time>
<ele>61.39999771118164</ele>
</trkpt>
<trkpt lat="35.8607259" lon="139.9731643">
<time>2026-06-02T08:51:50Z</time>
<ele>61.39999771118164</ele>
</trkpt>
<trkpt lat="35.8607333" lon="139.9731537">
<time>2026-06-02T08:51:51Z</time>
<ele>61.39999771118164</ele>
</trkpt>
<trkpt lat="35.8607447" lon="139.9731369">
<time>2026-06-02T08:51:52Z</time>
<ele>61.39999771118164</ele>
</trkpt>
<trkpt lat="35.8607522" lon="139.9731276">
<time>2026-06-02T08:51:53Z</time>
<ele>61.39999771118164</ele>
</trkpt>
<trkpt lat="35.8607659" lon="139.9731165">
<time>2026-06-02T08:51:54Z</time>
<ele>62.29999923706055</ele>
</trkpt>
<trkpt lat="35.8607782" lon="139.9731058">
<time>2026-06-02T08:51:55Z</time>
<ele>62.29999923706055</ele>
</trkpt>
<trkpt lat="35.8607864" lon="139.9730967">
<time>2026-06-02T08:51:56Z</time>
<ele>62.29999923706055</ele>
</trkpt>
<trkpt lat="35.860797" lon="139.9730808">
<time>2026-06-02T08:51:58Z</time>
<ele>62.29999923706055</ele>
</trkpt>
<trkpt lat="35.8608034" lon="139.9730723">
<time>2026-06-02T08:51:59Z</time>
<ele>62.29999923706055</ele>
</trkpt>
<trkpt lat="35.8608101" lon="139.9730631">
<time>2026-06-02T08:52:00Z</time>
<ele>62.29999923706055</ele>
</trkpt>
<trkpt lat="35.8608167" lon="139.9730535">
<time>2026-06-02T08:52:01Z</time>
<ele>62.29999923706055</ele>
</trkpt>
<trkpt lat="35.8608235" lon="139.9730416">
<time>2026-06-02T08:52:02Z</time>
<ele>61.29999923706055</ele>
</trkpt>
<trkpt lat="35.8608319" lon="139.9730301">
<time>2026-06-02T08:52:03Z</time>
<ele>61.29999923706055</ele>
</trkpt>
<trkpt lat="35.860842" lon="139.9730098">
<time>2026-06-02T08:52:05Z</time>
<ele>61.29999923706055</ele>
</trkpt>
<trkpt lat="35.8608501" lon="139.972997">
<time>2026-06-02T08:52:07Z</time>
<ele>61.29999923706055</ele>
</trkpt>
<trkpt lat="35.8608586" lon="139.9729848">
<time>2026-06-02T08:52:08Z</time>
<ele>61.29999923706055</ele>
</trkpt>
<trkpt lat="35.8608673" lon="139.9729715">
<time>2026-06-02T08:52:09Z</time>
<ele>61.29999923706055</ele>
</trkpt>
<trkpt lat="35.8608866" lon="139.9729463">
<time>2026-06-02T08:52:10Z</time>
<ele>61.20000076293945</ele>
</trkpt>
<trkpt lat="35.8608984" lon="139.9729282">
<time>2026-06-02T08:52:11Z</time>
<ele>61.20000076293945</ele>
</trkpt>
<trkpt lat="35.8609096" lon="139.972912">
<time>2026-06-02T08:52:12Z</time>
<ele>61.20000076293945</ele>
</trkpt>
<trkpt lat="35.8609183" lon="139.9729021">
<time>2026-06-02T08:52:13Z</time>
<ele>61.20000076293945</ele>
</trkpt>
<trkpt lat="35.8609247" lon="139.972894">
<time>2026-06-02T08:52:14Z</time>
<ele>61.20000076293945</ele>
</trkpt>
<trkpt lat="35.8609322" lon="139.9728849">
<time>2026-06-02T08:52:16Z</time>
<ele>61.20000076293945</ele>
</trkpt>
<trkpt lat="35.8609232" lon="139.9728741">
<time>2026-06-02T08:52:18Z</time>
<ele>61.20000076293945</ele>
</trkpt>
<trkpt lat="35.8609329" lon="139.9728617">
<time>2026-06-02T08:52:19Z</time>
<ele>61.20000076293945</ele>
</trkpt>
<trkpt lat="35.8609434" lon="139.972852">
<time>2026-06-02T08:52:20Z</time>
<ele>61.20000076293945</ele>
</trkpt>
<trkpt lat="35.8609529" lon="139.9728423">
<time>2026-06-02T08:52:21Z</time>
<ele>61.20000076293945</ele>
</trkpt>
<trkpt lat="35.8609719" lon="139.9728203">
<time>2026-06-02T08:52:22Z</time>
<ele>61.20000076293945</ele>
</trkpt>
<trkpt lat="35.8609854" lon="139.9728012">
<time>2026-06-02T08:52:23Z</time>
<ele>61.20000076293945</ele>
</trkpt>
<trkpt lat="35.8609941" lon="139.9727883">
<time>2026-06-02T08:52:24Z</time>
<ele>61.20000076293945</ele>
</trkpt>
<trkpt lat="35.8610082" lon="139.9727713">
<time>2026-06-02T08:52:25Z</time>
<ele>62.29999923706055</ele>
</trkpt>
<trkpt lat="35.8610166" lon="139.9727605">
<time>2026-06-02T08:52:26Z</time>
<ele>62.29999923706055</ele>
</trkpt>
<trkpt lat="35.8610255" lon="139.9727515">
<time>2026-06-02T08:52:27Z</time>
<ele>62.29999923706055</ele>
</trkpt>
<trkpt lat="35.8610339" lon="139.9727419">
<time>2026-06-02T08:52:28Z</time>
<ele>62.29999923706055</ele>
</trkpt>
<trkpt lat="35.8610418" lon="139.9727306">
<time>2026-06-02T08:52:29Z</time>
<ele>62.29999923706055</ele>
</trkpt>
<trkpt lat="35.8610495" lon="139.9727193">
<time>2026-06-02T08:52:30Z</time>
<ele>62.29999923706055</ele>
</trkpt>
<trkpt lat="35.8610561" lon="139.972706">
<time>2026-06-02T08:52:31Z</time>
<ele>62.29999923706055</ele>
</trkpt>
<trkpt lat="35.861063" lon="139.9726987">
<time>2026-06-02T08:52:32Z</time>
<ele>60.89999771118164</ele>
</trkpt>
<trkpt lat="35.8610731" lon="139.9726921">
<time>2026-06-02T08:52:33Z</time>
<ele>60.89999771118164</ele>
</trkpt>
<trkpt lat="35.8610822" lon="139.9726832">
<time>2026-06-02T08:52:34Z</time>
<ele>60.89999771118164</ele>
</trkpt>
<trkpt lat="35.8610915" lon="139.9726724">
<time>2026-06-02T08:52:35Z</time>
<ele>60.89999771118164</ele>
</trkpt>
<trkpt lat="35.8610999" lon="139.9726615">
<time>2026-06-02T08:52:36Z</time>
<ele>60.89999771118164</ele>
</trkpt>
<trkpt lat="35.8611079" lon="139.9726502">
<time>2026-06-02T08:52:37Z</time>
<ele>60.89999771118164</ele>
</trkpt>
<trkpt lat="35.8611148" lon="139.97264">
<time>2026-06-02T08:52:38Z</time>
<ele>60.89999771118164</ele>
</trkpt>
<trkpt lat="35.8611217" lon="139.9726312">
<time>2026-06-02T08:52:39Z</time>
<ele>60.89999771118164</ele>
</trkpt>
<trkpt lat="35.8611328" lon="139.9726203">
<time>2026-06-02T08:52:40Z</time>
<ele>61.0</ele>
</trkpt>
<trkpt lat="35.8611409" lon="139.97261">
<time>2026-06-02T08:52:41Z</time>
<ele>61.0</ele>
</trkpt>
<trkpt lat="35.8611472" lon="139.9726001">
<time>2026-06-02T08:52:42Z</time>
<ele>61.0</ele>
</trkpt>
<trkpt lat="35.861157" lon="139.972581">
<time>2026-06-02T08:52:44Z</time>
<ele>61.0</ele>
</trkpt>
<trkpt lat="35.8611639" lon="139.9725727">
<time>2026-06-02T08:52:45Z</time>
<ele>61.0</ele>
</trkpt>
<trkpt lat="35.8611758" lon="139.9725605">
<time>2026-06-02T08:52:47Z</time>
<ele>61.0</ele>
</trkpt>
<trkpt lat="35.8611916" lon="139.9725514">
<time>2026-06-02T08:52:50Z</time>
<ele>61.0</ele>
</trkpt>
<trkpt lat="35.8612009" lon="139.972539">
<time>2026-06-02T08:52:51Z</time>
<ele>61.0</ele>
</trkpt>
<trkpt lat="35.8612089" lon="139.9725287">
<time>2026-06-02T08:52:52Z</time>
<ele>61.0</ele>
</trkpt>
<trkpt lat="35.8612175" lon="139.9725173">
<time>2026-06-02T08:52:53Z</time>
<ele>61.0</ele>
</trkpt>
<trkpt lat="35.8612284" lon="139.9725021">
<time>2026-06-02T08:52:54Z</time>
<ele>61.0</ele>
</trkpt>
<trkpt lat="35.8612388" lon="139.9724871">
<time>2026-06-02T08:52:55Z</time>
<ele>60.89999771118164</ele>
</trkpt>
<trkpt lat="35.8612483" lon="139.9724734">
<time>2026-06-02T08:52:56Z</time>
<ele>60.89999771118164</ele>
</trkpt>
<trkpt lat="35.8612576" lon="139.9724596">
<time>2026-06-02T08:52:57Z</time>
<ele>60.89999771118164</ele>
</trkpt>
<trkpt lat="35.8612655" lon="139.972447">
<time>2026-06-02T08:52:58Z</time>
<ele>60.89999771118164</ele>
</trkpt>
<trkpt lat="35.8612724" lon="139.9724358">
<time>2026-06-02T08:52:59Z</time>
<ele>60.89999771118164</ele>
</trkpt>
<trkpt lat="35.86128" lon="139.9724255">
<time>2026-06-02T08:53:00Z</time>
<ele>60.89999771118164</ele>
</trkpt>
<trkpt lat="35.8612876" lon="139.9724162">
<time>2026-06-02T08:53:01Z</time>
<ele>60.89999771118164</ele>
</trkpt>
<trkpt lat="35.8612946" lon="139.9724078">
<time>2026-06-02T08:53:02Z</time>
<ele>60.89999771118164</ele>
</trkpt>
<trkpt lat="35.8613129" lon="139.9723861">
<time>2026-06-02T08:53:03Z</time>
<ele>61.599998474121094</ele>
</trkpt>
<trkpt lat="35.8613226" lon="139.9723737">
<time>2026-06-02T08:53:04Z</time>
<ele>61.599998474121094</ele>
</trkpt>
<trkpt lat="35.8613292" lon="139.9723649">
<time>2026-06-02T08:53:05Z</time>
<ele>61.599998474121094</ele>
</trkpt>
<trkpt lat="35.8613361" lon="139.9723557">
<time>2026-06-02T08:53:06Z</time>
<ele>61.599998474121094</ele>
</trkpt>
<trkpt lat="35.8613425" lon="139.9723459">
<time>2026-06-02T08:53:07Z</time>
<ele>61.599998474121094</ele>
</trkpt>
<trkpt lat="35.861349" lon="139.9723356">
<time>2026-06-02T08:53:08Z</time>
<ele>61.599998474121094</ele>
</trkpt>
<trkpt lat="35.8613556" lon="139.9723259">
<time>2026-06-02T08:53:09Z</time>
<ele>61.599998474121094</ele>
</trkpt>
<trkpt lat="35.8613651" lon="139.9723155">
<time>2026-06-02T08:53:10Z</time>
<ele>60.39999771118164</ele>
</trkpt>
<trkpt lat="35.8613752" lon="139.9723036">
<time>2026-06-02T08:53:11Z</time>
<ele>60.39999771118164</ele>
</trkpt>
<trkpt lat="35.8613827" lon="139.9722931">
<time>2026-06-02T08:53:12Z</time>
<ele>60.39999771118164</ele>
</trkpt>
<trkpt lat="35.8613892" lon="139.9722842">
<time>2026-06-02T08:53:13Z</time>
<ele>60.39999771118164</ele>
</trkpt>
<trkpt lat="35.8613961" lon="139.9722753">
<time>2026-06-02T08:53:14Z</time>
<ele>60.39999771118164</ele>
</trkpt>
<trkpt lat="35.8614031" lon="139.9722681">
<time>2026-06-02T08:53:15Z</time>
<ele>60.39999771118164</ele>
</trkpt>
<trkpt lat="35.8614105" lon="139.9722599">
<time>2026-06-02T08:53:16Z</time>
<ele>60.39999771118164</ele>
</trkpt>
<trkpt lat="35.8614183" lon="139.9722507">
<time>2026-06-02T08:53:17Z</time>
<ele>60.39999771118164</ele>
</trkpt>
<trkpt lat="35.8614307" lon="139.9722391">
<time>2026-06-02T08:53:19Z</time>
<ele>60.5</ele>
</trkpt>
<trkpt lat="35.861439" lon="139.9722311">
<time>2026-06-02T08:53:20Z</time>
<ele>60.5</ele>
</trkpt>
<trkpt lat="35.8614453" lon="139.9722231">
<time>2026-06-02T08:53:21Z</time>
<ele>60.5</ele>
</trkpt>
<trkpt lat="35.8614567" lon="139.9722053">
<time>2026-06-02T08:53:23Z</time>
<ele>60.5</ele>
</trkpt>
<trkpt lat="35.8614633" lon="139.9721962">
<time>2026-06-02T08:53:24Z</time>
<ele>60.5</ele>
</trkpt>
<trkpt lat="35.8614691" lon="139.972187">
<time>2026-06-02T08:53:25Z</time>
<ele>60.70000076293945</ele>
</trkpt>
<trkpt lat="35.8614826" lon="139.9721707">
<time>2026-06-02T08:53:28Z</time>
<ele>60.70000076293945</ele>
</trkpt>
<trkpt lat="35.8614918" lon="139.9721576">
<time>2026-06-02T08:53:29Z</time>
<ele>60.70000076293945</ele>
</trkpt>
<trkpt lat="35.8615001" lon="139.9721461">
<time>2026-06-02T08:53:30Z</time>
<ele>60.70000076293945</ele>
</trkpt>
<trkpt lat="35.8615076" lon="139.972136">
<time>2026-06-02T08:53:32Z</time>
<ele>60.70000076293945</ele>
</trkpt>
<trkpt lat="35.8615149" lon="139.9721261">
<time>2026-06-02T08:53:33Z</time>
<ele>60.70000076293945</ele>
</trkpt>
<trkpt lat="35.8615219" lon="139.9721167">
<time>2026-06-02T08:53:34Z</time>
<ele>60.39999771118164</ele>
</trkpt>
<trkpt lat="35.8615295" lon="139.9721054">
<time>2026-06-02T08:53:35Z</time>
<ele>60.39999771118164</ele>
</trkpt>
<trkpt lat="35.8615374" lon="139.9720939">
<time>2026-06-02T08:53:36Z</time>
<ele>60.39999771118164</ele>
</trkpt>
<trkpt lat="35.8615447" lon="139.9720822">
<time>2026-06-02T08:53:37Z</time>
<ele>60.39999771118164</ele>
</trkpt>
<trkpt lat="35.8615533" lon="139.9720697">
<time>2026-06-02T08:53:38Z</time>
<ele>60.39999771118164</ele>
</trkpt>
<trkpt lat="35.8615624" lon="139.9720563">
<time>2026-06-02T08:53:39Z</time>
<ele>60.39999771118164</ele>
</trkpt>
<trkpt lat="35.8615711" lon="139.9720448">
<time>2026-06-02T08:53:40Z</time>
<ele>60.39999771118164</ele>
</trkpt>
<trkpt lat="35.8615829" lon="139.9720282">
<time>2026-06-02T08:53:42Z</time>
<ele>60.099998474121094</ele>
</trkpt>
<trkpt lat="35.8615916" lon="139.9720159">
<time>2026-06-02T08:53:43Z</time>
<ele>60.099998474121094</ele>
</trkpt>
<trkpt lat="35.8616015" lon="139.9720045">
<time>2026-06-02T08:53:44Z</time>
<ele>60.099998474121094</ele>
</trkpt>
<trkpt lat="35.8616085" lon="139.9719936">
<time>2026-06-02T08:53:45Z</time>
<ele>60.099998474121094</ele>
</trkpt>
<trkpt lat="35.8616159" lon="139.9719832">
<time>2026-06-02T08:53:46Z</time>
<ele>60.099998474121094</ele>
</trkpt>
<trkpt lat="35.8616226" lon="139.9719736">
<time>2026-06-02T08:53:47Z</time>
<ele>60.099998474121094</ele>
</trkpt>
<trkpt lat="35.8616296" lon="139.9719651">
<time>2026-06-02T08:53:48Z</time>
<ele>60.0</ele>
</trkpt>
<trkpt lat="35.8616392" lon="139.9719484">
<time>2026-06-02T08:53:50Z</time>
<ele>60.0</ele>
</trkpt>
<trkpt lat="35.8616459" lon="139.9719384">
<time>2026-06-02T08:53:51Z</time>
<ele>60.0</ele>
</trkpt>
<trkpt lat="35.8616597" lon="139.9719231">
<time>2026-06-02T08:53:53Z</time>
<ele>60.0</ele>
</trkpt>
<trkpt lat="35.8616686" lon="139.9719163">
<time>2026-06-02T08:53:54Z</time>
<ele>60.0</ele>
</trkpt>
<trkpt lat="35.8616726" lon="139.9719">
<time>2026-06-02T08:53:58Z</time>
<ele>60.099998474121094</ele>
</trkpt>
<trkpt lat="35.8616809" lon="139.9718922">
<time>2026-06-02T08:54:00Z</time>
<ele>60.099998474121094</ele>
</trkpt>
<trkpt lat="35.8616927" lon="139.9718876">
<time>2026-06-02T08:54:03Z</time>
<ele>60.099998474121094</ele>
</trkpt>
<trkpt lat="35.8617021" lon="139.9718936">
<time>2026-06-02T08:54:04Z</time>
<ele>59.599998474121094</ele>
</trkpt>
<trkpt lat="35.8617139" lon="139.9718961">
<time>2026-06-02T08:54:05Z</time>
<ele>59.599998474121094</ele>
</trkpt>
<trkpt lat="35.8617251" lon="139.9718968">
<time>2026-06-02T08:54:06Z</time>
<ele>59.599998474121094</ele>
</trkpt>
<trkpt lat="35.8617368" lon="139.9718955">
<time>2026-06-02T08:54:07Z</time>
<ele>59.599998474121094</ele>
</trkpt>
<trkpt lat="35.8617498" lon="139.9718923">
<time>2026-06-02T08:54:08Z</time>
<ele>59.599998474121094</ele>
</trkpt>
<trkpt lat="35.8617608" lon="139.9718894">
<time>2026-06-02T08:54:09Z</time>
<ele>59.599998474121094</ele>
</trkpt>
<trkpt lat="35.8617705" lon="139.9718885">
<time>2026-06-02T08:54:10Z</time>
<ele>59.599998474121094</ele>
</trkpt>
<trkpt lat="35.8617814" lon="139.97189">
<time>2026-06-02T08:54:11Z</time>
<ele>59.599998474121094</ele>
</trkpt>
<trkpt lat="35.8617907" lon="139.9718987">
<time>2026-06-02T08:54:12Z</time>
<ele>60.0</ele>
</trkpt>
<trkpt lat="35.8618054" lon="139.9719053">
<time>2026-06-02T08:54:14Z</time>
<ele>60.0</ele>
</trkpt>
<trkpt lat="35.8618143" lon="139.9718951">
<time>2026-06-02T08:54:15Z</time>
<ele>60.0</ele>
</trkpt>
<trkpt lat="35.8618204" lon="139.9718742">
<time>2026-06-02T08:54:17Z</time>
<ele>60.0</ele>
</trkpt>
<trkpt lat="35.8618229" lon="139.971855">
<time>2026-06-02T08:54:18Z</time>
<ele>60.0</ele>
</trkpt>
<trkpt lat="35.8618254" lon="139.9718411">
<time>2026-06-02T08:54:19Z</time>
<ele>60.0</ele>
</trkpt>
<trkpt lat="35.861834" lon="139.9718237">
<time>2026-06-02T08:54:21Z</time>
<ele>59.89999771118164</ele>
</trkpt>
<trkpt lat="35.8618411" lon="139.9718091">
<time>2026-06-02T08:54:23Z</time>
<ele>59.89999771118164</ele>
</trkpt>
<trkpt lat="35.8618445" lon="139.9717981">
<time>2026-06-02T08:54:25Z</time>
<ele>59.89999771118164</ele>
</trkpt>
<trkpt lat="35.8618363" lon="139.9718092">
<time>2026-06-02T08:54:28Z</time>
<ele>60.099998474121094</ele>
</trkpt>
<trkpt lat="35.8618324" lon="139.9718193">
<time>2026-06-02T08:54:43Z</time>
<ele>60.099998474121094</ele>
</trkpt>
<trkpt lat="35.8618421" lon="139.9718064">
<time>2026-06-02T08:54:47Z</time>
<ele>62.463347455323834</ele>
</trkpt>
<trkpt lat="35.8618533" lon="139.9717922">
<time>2026-06-02T08:54:49Z</time>
<ele>62.73137196393918</ele>
</trkpt>
<trkpt lat="35.8618624" lon="139.9717813">
<time>2026-06-02T08:54:55Z</time>
<ele>61.89999771118164</ele>
</trkpt>
<trkpt lat="35.8618707" lon="139.9717724">
<time>2026-06-02T08:54:57Z</time>
<ele>63.67463790320713</ele>
</trkpt>
<trkpt lat="35.861879" lon="139.9717621">
<time>2026-06-02T08:55:01Z</time>
<ele>64.14185536538294</ele>
</trkpt>
<trkpt lat="35.861886" lon="139.9717526">
<time>2026-06-02T08:55:03Z</time>
<ele>64.57914794068583</ele>
</trkpt>
<trkpt lat="35.8618942" lon="139.9717458">
<time>2026-06-02T08:55:06Z</time>
<ele>65.00112667945875</ele>
</trkpt>
<trkpt lat="35.8619016" lon="139.9717347">
<time>2026-06-02T08:55:09Z</time>
<ele>65.22555759957764</ele>
</trkpt>
<trkpt lat="35.8619057" lon="139.9717168">
<time>2026-06-02T08:55:11Z</time>
<ele>65.51846734550952</ele>
</trkpt>
<trkpt lat="35.8619119" lon="139.9717029">
<time>2026-06-02T08:55:13Z</time>
<ele>65.5564986350631</ele>
</trkpt>
<trkpt lat="35.8619196" lon="139.9716901">
<time>2026-06-02T08:55:14Z</time>
<ele>65.30000305175781</ele>
</trkpt>
<trkpt lat="35.8619295" lon="139.9716759">
<time>2026-06-02T08:55:15Z</time>
<ele>65.30000305175781</ele>
</trkpt>
<trkpt lat="35.861938" lon="139.971664">
<time>2026-06-02T08:55:16Z</time>
<ele>65.30000305175781</ele>
</trkpt>
<trkpt lat="35.8619436" lon="139.9716546">
<time>2026-06-02T08:55:17Z</time>
<ele>65.30000305175781</ele>
</trkpt>
<trkpt lat="35.8619565" lon="139.9716385">
<time>2026-06-02T08:55:19Z</time>
<ele>65.30000305175781</ele>
</trkpt>
<trkpt lat="35.8619642" lon="139.9716323">
<time>2026-06-02T08:55:20Z</time>
<ele>65.30000305175781</ele>
</trkpt>
<trkpt lat="35.861984" lon="139.9716245">
<time>2026-06-02T08:55:22Z</time>
<ele>65.4000015258789</ele>
</trkpt>
<trkpt lat="35.861995" lon="139.97162">
<time>2026-06-02T08:55:23Z</time>
<ele>65.4000015258789</ele>
</trkpt>
<trkpt lat="35.8620038" lon="139.9716125">
<time>2026-06-02T08:55:24Z</time>
<ele>65.4000015258789</ele>
</trkpt>
<trkpt lat="35.8620001" lon="139.9716014">
<time>2026-06-02T08:55:26Z</time>
<ele>65.4000015258789</ele>
</trkpt>
<trkpt lat="35.8620145" lon="139.9716019">
<time>2026-06-02T08:55:29Z</time>
<ele>66.62937205240588</ele>
</trkpt>
<trkpt lat="35.8620238" lon="139.9715849">
<time>2026-06-02T08:55:31Z</time>
<ele>66.89642768239692</ele>
</trkpt>
<trkpt lat="35.862024" lon="139.9715713">
<time>2026-06-02T08:55:32Z</time>
<ele>66.87461752349512</ele>
</trkpt>
<trkpt lat="35.8620978" lon="139.9715412">
<time>2026-06-02T08:55:40Z</time>
<ele>66.02360879280795</ele>
</trkpt>
<trkpt lat="35.8621235" lon="139.9715334">
<time>2026-06-02T08:55:41Z</time>
<ele>65.30000305175781</ele>
</trkpt>
<trkpt lat="35.8621376" lon="139.9715201">
<time>2026-06-02T08:55:42Z</time>
<ele>65.30000305175781</ele>
</trkpt>
<trkpt lat="35.8621637" lon="139.9715087">
<time>2026-06-02T08:55:43Z</time>
<ele>65.30000305175781</ele>
</trkpt>
<trkpt lat="35.8621882" lon="139.9714999">
<time>2026-06-02T08:55:44Z</time>
<ele>65.4000015258789</ele>
</trkpt>
<trkpt lat="35.8622098" lon="139.9714906">
<time>2026-06-02T08:55:45Z</time>
<ele>65.4000015258789</ele>
</trkpt>
<trkpt lat="35.8622334" lon="139.9714839">
<time>2026-06-02T08:55:46Z</time>
<ele>65.4000015258789</ele>
</trkpt>
<trkpt lat="35.8622535" lon="139.9714767">
<time>2026-06-02T08:55:47Z</time>
<ele>65.4000015258789</ele>
</trkpt>
<trkpt lat="35.8622705" lon="139.971465">
<time>2026-06-02T08:55:48Z</time>
<ele>65.4000015258789</ele>
</trkpt>
<trkpt lat="35.8622845" lon="139.971455">
<time>2026-06-02T08:55:49Z</time>
<ele>65.4000015258789</ele>
</trkpt>
<trkpt lat="35.8622944" lon="139.971448">
<time>2026-06-02T08:55:50Z</time>
<ele>65.4000015258789</ele>
</trkpt>
<trkpt lat="35.8623038" lon="139.9714431">
<time>2026-06-02T08:55:51Z</time>
<ele>65.4000015258789</ele>
</trkpt>
<trkpt lat="35.8623154" lon="139.9714401">
<time>2026-06-02T08:55:58Z</time>
<ele>65.4000015258789</ele>
</trkpt>
<trkpt lat="35.8623364" lon="139.9714427">
<time>2026-06-02T08:56:01Z</time>
<ele>65.4000015258789</ele>
</trkpt>
<trkpt lat="35.862357" lon="139.9714483">
<time>2026-06-02T08:56:02Z</time>
<ele>65.4000015258789</ele>
</trkpt>
<trkpt lat="35.8623732" lon="139.971452">
<time>2026-06-02T08:56:03Z</time>
<ele>65.4000015258789</ele>
</trkpt>
<trkpt lat="35.8623893" lon="139.9714568">
<time>2026-06-02T08:56:04Z</time>
<ele>65.4000015258789</ele>
</trkpt>
<trkpt lat="35.862405" lon="139.9714607">
<time>2026-06-02T08:56:05Z</time>
<ele>65.4000015258789</ele>
</trkpt>
<trkpt lat="35.8624201" lon="139.9714664">
<time>2026-06-02T08:56:06Z</time>
<ele>65.4000015258789</ele>
</trkpt>
<trkpt lat="35.8624333" lon="139.9714597">
<time>2026-06-02T08:56:07Z</time>
<ele>65.4000015258789</ele>
</trkpt>
<trkpt lat="35.8624473" lon="139.9714393">
<time>2026-06-02T08:56:08Z</time>
<ele>65.4000015258789</ele>
</trkpt>
<trkpt lat="35.8624542" lon="139.971376">
<time>2026-06-02T08:56:09Z</time>
<ele>65.4000015258789</ele>
</trkpt>
<trkpt lat="35.8624536" lon="139.9713036">
<time>2026-06-02T08:56:10Z</time>
<ele>65.4000015258789</ele>
</trkpt>
<trkpt lat="35.8624557" lon="139.9712685">
<time>2026-06-02T08:56:11Z</time>
<ele>65.4000015258789</ele>
</trkpt>
<trkpt lat="35.86246" lon="139.9712433">
<time>2026-06-02T08:56:12Z</time>
<ele>65.4000015258789</ele>
</trkpt>
<trkpt lat="35.86247" lon="139.9712123">
<time>2026-06-02T08:56:13Z</time>
<ele>65.4000015258789</ele>
</trkpt>
<trkpt lat="35.862479" lon="139.9711895">
<time>2026-06-02T08:56:14Z</time>
<ele>65.4000015258789</ele>
</trkpt>
<trkpt lat="35.86249" lon="139.9711748">
<time>2026-06-02T08:56:15Z</time>
<ele>65.4000015258789</ele>
</trkpt>
<trkpt lat="35.8625044" lon="139.9711678">
<time>2026-06-02T08:56:16Z</time>
<ele>65.4000015258789</ele>
</trkpt>
<trkpt lat="35.8625165" lon="139.9711615">
<time>2026-06-02T08:56:17Z</time>
<ele>65.4000015258789</ele>
</trkpt>
<trkpt lat="35.8625222" lon="139.9711463">
<time>2026-06-02T08:56:18Z</time>
<ele>65.4000015258789</ele>
</trkpt>
<trkpt lat="35.8625342" lon="139.9711378">
<time>2026-06-02T08:56:20Z</time>
<ele>65.4000015258789</ele>
</trkpt>
<trkpt lat="35.8625489" lon="139.971141">
<time>2026-06-02T08:56:22Z</time>
<ele>65.4000015258789</ele>
</trkpt>
<trkpt lat="35.8625677" lon="139.9711308">
<time>2026-06-02T08:56:24Z</time>
<ele>65.4000015258789</ele>
</trkpt>
<trkpt lat="35.8625776" lon="139.9711219">
<time>2026-06-02T08:56:25Z</time>
<ele>65.4000015258789</ele>
</trkpt>
<trkpt lat="35.862582" lon="139.9711021">
<time>2026-06-02T08:56:26Z</time>
<ele>65.30000305175781</ele>
</trkpt>
<trkpt lat="35.8625878" lon="139.9710842">
<time>2026-06-02T08:56:27Z</time>
<ele>65.30000305175781</ele>
</trkpt>
<trkpt lat="35.8625927" lon="139.9710666">
<time>2026-06-02T08:56:28Z</time>
<ele>65.30000305175781</ele>
</trkpt>
<trkpt lat="35.8625954" lon="139.9710501">
<time>2026-06-02T08:56:29Z</time>
<ele>65.30000305175781</ele>
</trkpt>
<trkpt lat="35.8625984" lon="139.971035">
<time>2026-06-02T08:56:30Z</time>
<ele>65.30000305175781</ele>
</trkpt>
<trkpt lat="35.8626051" lon="139.9710226">
<time>2026-06-02T08:56:31Z</time>
<ele>65.30000305175781</ele>
</trkpt>
<trkpt lat="35.8625853" lon="139.9709501">
<time>2026-06-02T08:56:34Z</time>
<ele>65.20000457763672</ele>
</trkpt>
<trkpt lat="35.8625835" lon="139.9709336">
<time>2026-06-02T08:56:35Z</time>
<ele>65.20000457763672</ele>
</trkpt>
<trkpt lat="35.8625836" lon="139.9709187">
<time>2026-06-02T08:56:36Z</time>
<ele>65.20000457763672</ele>
</trkpt>
<trkpt lat="35.8625838" lon="139.9709041">
<time>2026-06-02T08:56:37Z</time>
<ele>65.20000457763672</ele>
</trkpt>
<trkpt lat="35.8625847" lon="139.9708893">
<time>2026-06-02T08:56:38Z</time>
<ele>65.20000457763672</ele>
</trkpt>
<trkpt lat="35.8626705" lon="139.9703216">
<time>2026-06-02T08:57:23Z</time>
<ele>65.80000305175781</ele>
</trkpt>
<trkpt lat="35.8626732" lon="139.9703322">
<time>2026-06-02T08:57:29Z</time>
<ele>65.0</ele>
</trkpt>
<trkpt lat="35.8626885" lon="139.9703209">
<time>2026-06-02T08:57:43Z</time>
<ele>65.0</ele>
</trkpt>
<trkpt lat="35.8626977" lon="139.9703245">
<time>2026-06-02T08:57:46Z</time>
<ele>65.0</ele>
</trkpt>
<trkpt lat="35.8627091" lon="139.9703168">
<time>2026-06-02T08:57:51Z</time>
<ele>61.70000076293945</ele>
</trkpt>
<trkpt lat="35.8627183" lon="139.9703228">
<time>2026-06-02T08:57:55Z</time>
<ele>61.70000076293945</ele>
</trkpt>
<trkpt lat="35.8627041" lon="139.9703117">
<time>2026-06-02T08:58:06Z</time>
<ele>58.665101418263816</ele>
</trkpt>
<trkpt lat="35.8626974" lon="139.9702969">
<time>2026-06-02T08:58:07Z</time>
<ele>58.56891675955841</ele>
</trkpt>
<trkpt lat="35.8626896" lon="139.9702736">
<time>2026-06-02T08:58:08Z</time>
<ele>58.459959555361785</ele>
</trkpt>
<trkpt lat="35.8626817" lon="139.9702472">
<time>2026-06-02T08:58:09Z</time>
<ele>58.59464023554048</ele>
</trkpt>
<trkpt lat="35.8626666" lon="139.9702262">
<time>2026-06-02T08:58:10Z</time>
<ele>58.5650696466518</ele>
</trkpt>
<trkpt lat="35.8626581" lon="139.9702087">
<time>2026-06-02T08:58:11Z</time>
<ele>58.360353220005415</ele>
</trkpt>
<trkpt lat="35.8626565" lon="139.9701851">
<time>2026-06-02T08:58:12Z</time>
<ele>58.34167716055909</ele>
</trkpt>
<trkpt lat="35.8626644" lon="139.9701497">
<time>2026-06-02T08:58:13Z</time>
<ele>59.5</ele>
</trkpt>
<trkpt lat="35.8626594" lon="139.970132">
<time>2026-06-02T08:58:14Z</time>
<ele>59.5</ele>
</trkpt>
<trkpt lat="35.8626529" lon="139.9701192">
<time>2026-06-02T08:58:15Z</time>
<ele>59.5</ele>
</trkpt>
<trkpt lat="35.8626502" lon="139.970102">
<time>2026-06-02T08:58:16Z</time>
<ele>59.5</ele>
</trkpt>
<trkpt lat="35.8626502" lon="139.9700828">
<time>2026-06-02T08:58:17Z</time>
<ele>59.5</ele>
</trkpt>
<trkpt lat="35.8626469" lon="139.9700652">
<time>2026-06-02T08:58:18Z</time>
<ele>59.5</ele>
</trkpt>
<trkpt lat="35.8626469" lon="139.9700445">
<time>2026-06-02T08:58:19Z</time>
<ele>59.5</ele>
</trkpt>
<trkpt lat="35.8626486" lon="139.9700235">
<time>2026-06-02T08:58:20Z</time>
<ele>59.5</ele>
</trkpt>
<trkpt lat="35.862647" lon="139.9699931">
<time>2026-06-02T08:58:21Z</time>
<ele>58.5</ele>
</trkpt>
<trkpt lat="35.8626447" lon="139.9699738">
<time>2026-06-02T08:58:22Z</time>
<ele>58.5</ele>
</trkpt>
<trkpt lat="35.8626418" lon="139.9699575">
<time>2026-06-02T08:58:23Z</time>
<ele>58.5</ele>
</trkpt>
<trkpt lat="35.8626395" lon="139.9699428">
<time>2026-06-02T08:58:24Z</time>
<ele>58.5</ele>
</trkpt>
<trkpt lat="35.8626363" lon="139.9699274">
<time>2026-06-02T08:58:25Z</time>
<ele>58.5</ele>
</trkpt>
<trkpt lat="35.8626342" lon="139.9699133">
<time>2026-06-02T08:58:26Z</time>
<ele>58.5</ele>
</trkpt>
<trkpt lat="35.8626299" lon="139.9699023">
<time>2026-06-02T08:58:27Z</time>
<ele>58.5</ele>
</trkpt>
<trkpt lat="35.8626218" lon="139.9698935">
<time>2026-06-02T08:58:28Z</time>
<ele>58.5</ele>
</trkpt>
<trkpt lat="35.8625747" lon="139.9698978">
<time>2026-06-02T08:58:30Z</time>
<ele>58.79999923706055</ele>
</trkpt>
<trkpt lat="35.8625216" lon="139.9699114">
<time>2026-06-02T08:58:31Z</time>
<ele>58.79999923706055</ele>
</trkpt>
<trkpt lat="35.8624397" lon="139.9699098">
<time>2026-06-02T08:58:34Z</time>
<ele>58.79999923706055</ele>
</trkpt>
<trkpt lat="35.862439" lon="139.9698953">
<time>2026-06-02T08:58:35Z</time>
<ele>58.79999923706055</ele>
</trkpt>
<trkpt lat="35.8624404" lon="139.9698823">
<time>2026-06-02T08:58:36Z</time>
<ele>58.099998474121094</ele>
</trkpt>
<trkpt lat="35.8624373" lon="139.9698609">
<time>2026-06-02T08:58:37Z</time>
<ele>58.099998474121094</ele>
</trkpt>
<trkpt lat="35.8624347" lon="139.9698452">
<time>2026-06-02T08:58:38Z</time>
<ele>58.099998474121094</ele>
</trkpt>
<trkpt lat="35.8624307" lon="139.9698294">
<time>2026-06-02T08:58:39Z</time>
<ele>58.099998474121094</ele>
</trkpt>
<trkpt lat="35.8624264" lon="139.9698131">
<time>2026-06-02T08:58:40Z</time>
<ele>58.099998474121094</ele>
</trkpt>
<trkpt lat="35.8624218" lon="139.9697934">
<time>2026-06-02T08:58:41Z</time>
<ele>58.099998474121094</ele>
</trkpt>
<trkpt lat="35.8624183" lon="139.9697691">
<time>2026-06-02T08:58:42Z</time>
<ele>58.099998474121094</ele>
</trkpt>
<trkpt lat="35.8624149" lon="139.96975">
<time>2026-06-02T08:58:43Z</time>
<ele>58.099998474121094</ele>
</trkpt>
<trkpt lat="35.8624068" lon="139.9697288">
<time>2026-06-02T08:58:44Z</time>
<ele>59.099998474121094</ele>
</trkpt>
<trkpt lat="35.8624016" lon="139.969711">
<time>2026-06-02T08:58:45Z</time>
<ele>59.099998474121094</ele>
</trkpt>
<trkpt lat="35.8624001" lon="139.9696937">
<time>2026-06-02T08:58:46Z</time>
<ele>59.099998474121094</ele>
</trkpt>
<trkpt lat="35.8623975" lon="139.9696791">
<time>2026-06-02T08:58:47Z</time>
<ele>59.099998474121094</ele>
</trkpt>
<trkpt lat="35.8623947" lon="139.9696631">
<time>2026-06-02T08:58:48Z</time>
<ele>59.099998474121094</ele>
</trkpt>
<trkpt lat="35.8623911" lon="139.969651">
<time>2026-06-02T08:58:49Z</time>
<ele>59.099998474121094</ele>
</trkpt>
<trkpt lat="35.8623874" lon="139.9696383">
<time>2026-06-02T08:58:50Z</time>
<ele>59.099998474121094</ele>
</trkpt>
<trkpt lat="35.8623838" lon="139.9696255">
<time>2026-06-02T08:58:51Z</time>
<ele>59.099998474121094</ele>
</trkpt>
<trkpt lat="35.8623741" lon="139.9695981">
<time>2026-06-02T08:58:52Z</time>
<ele>58.0</ele>
</trkpt>
<trkpt lat="35.8623622" lon="139.969576">
<time>2026-06-02T08:58:53Z</time>
<ele>58.0</ele>
</trkpt>
<trkpt lat="35.8623519" lon="139.9695534">
<time>2026-06-02T08:58:54Z</time>
<ele>58.0</ele>
</trkpt>
<trkpt lat="35.8623439" lon="139.969533">
<time>2026-06-02T08:58:55Z</time>
<ele>58.0</ele>
</trkpt>
<trkpt lat="35.8623373" lon="139.9695171">
<time>2026-06-02T08:58:56Z</time>
<ele>58.0</ele>
</trkpt>
<trkpt lat="35.8623343" lon="139.9694992">
<time>2026-06-02T08:58:57Z</time>
<ele>58.0</ele>
</trkpt>
<trkpt lat="35.862333" lon="139.969484">
<time>2026-06-02T08:58:58Z</time>
<ele>58.0</ele>
</trkpt>
<trkpt lat="35.8623333" lon="139.969472">
<time>2026-06-02T08:58:59Z</time>
<ele>57.29999923706055</ele>
</trkpt>
<trkpt lat="35.8623344" lon="139.9694578">
<time>2026-06-02T08:59:00Z</time>
<ele>57.29999923706055</ele>
</trkpt>
<trkpt lat="35.8623298" lon="139.9694439">
<time>2026-06-02T08:59:01Z</time>
<ele>57.29999923706055</ele>
</trkpt>
<trkpt lat="35.862327" lon="139.9694329">
<time>2026-06-02T08:59:02Z</time>
<ele>57.29999923706055</ele>
</trkpt>
<trkpt lat="35.8623225" lon="139.9694176">
<time>2026-06-02T08:59:03Z</time>
<ele>57.29999923706055</ele>
</trkpt>
<trkpt lat="35.8623168" lon="139.9693983">
<time>2026-06-02T08:59:05Z</time>
<ele>57.29999923706055</ele>
</trkpt>
<trkpt lat="35.8623116" lon="139.969377">
<time>2026-06-02T08:59:07Z</time>
<ele>57.29999923706055</ele>
</trkpt>
<trkpt lat="35.8623129" lon="139.9693643">
<time>2026-06-02T08:59:08Z</time>
<ele>57.29999923706055</ele>
</trkpt>
<trkpt lat="35.8623121" lon="139.9693423">
<time>2026-06-02T08:59:10Z</time>
<ele>57.29999923706055</ele>
</trkpt>
<trkpt lat="35.8623113" lon="139.9693263">
<time>2026-06-02T08:59:12Z</time>
<ele>57.29999923706055</ele>
</trkpt>
<trkpt lat="35.8623073" lon="139.9693162">
<time>2026-06-02T08:59:13Z</time>
<ele>57.29999923706055</ele>
</trkpt>
<trkpt lat="35.8623074" lon="139.9693048">
<time>2026-06-02T08:59:14Z</time>
<ele>57.29999923706055</ele>
</trkpt>
<trkpt lat="35.8623134" lon="139.9692921">
<time>2026-06-02T08:59:15Z</time>
<ele>57.099998474121094</ele>
</trkpt>
<trkpt lat="35.8623187" lon="139.9692818">
<time>2026-06-02T08:59:16Z</time>
<ele>57.099998474121094</ele>
</trkpt>
<trkpt lat="35.8623264" lon="139.969273">
<time>2026-06-02T08:59:17Z</time>
<ele>57.099998474121094</ele>
</trkpt>
<trkpt lat="35.8623377" lon="139.9692664">
<time>2026-06-02T08:59:18Z</time>
<ele>57.099998474121094</ele>
</trkpt>
<trkpt lat="35.8623484" lon="139.9692622">
<time>2026-06-02T08:59:19Z</time>
<ele>57.099998474121094</ele>
</trkpt>
<trkpt lat="35.862363" lon="139.9692583">
<time>2026-06-02T08:59:20Z</time>
<ele>57.099998474121094</ele>
</trkpt>
<trkpt lat="35.8623796" lon="139.9692561">
<time>2026-06-02T08:59:21Z</time>
<ele>57.099998474121094</ele>
</trkpt>
<trkpt lat="35.8623972" lon="139.9692546">
<time>2026-06-02T08:59:22Z</time>
<ele>57.099998474121094</ele>
</trkpt>
<trkpt lat="35.8624115" lon="139.9692533">
<time>2026-06-02T08:59:23Z</time>
<ele>57.099998474121094</ele>
</trkpt>
<trkpt lat="35.8624243" lon="139.9692524">
<time>2026-06-02T08:59:24Z</time>
<ele>57.099998474121094</ele>
</trkpt>
<trkpt lat="35.8624426" lon="139.9692531">
<time>2026-06-02T08:59:25Z</time>
<ele>57.099998474121094</ele>
</trkpt>
<trkpt lat="35.8624601" lon="139.9692543">
<time>2026-06-02T08:59:26Z</time>
<ele>57.099998474121094</ele>
</trkpt>
<trkpt lat="35.8624745" lon="139.9692559">
<time>2026-06-02T08:59:27Z</time>
<ele>57.099998474121094</ele>
</trkpt>
<trkpt lat="35.8624881" lon="139.9692549">
<time>2026-06-02T08:59:28Z</time>
<ele>57.099998474121094</ele>
</trkpt>
<trkpt lat="35.8625006" lon="139.9692559">
<time>2026-06-02T08:59:29Z</time>
<ele>57.099998474121094</ele>
</trkpt>
<trkpt lat="35.8625147" lon="139.9692573">
<time>2026-06-02T08:59:30Z</time>
<ele>57.099998474121094</ele>
</trkpt>
<trkpt lat="35.8625293" lon="139.9692585">
<time>2026-06-02T08:59:31Z</time>
<ele>57.099998474121094</ele>
</trkpt>
<trkpt lat="35.8625423" lon="139.9692621">
<time>2026-06-02T08:59:32Z</time>
<ele>57.099998474121094</ele>
</trkpt>
<trkpt lat="35.8625556" lon="139.9692666">
<time>2026-06-02T08:59:33Z</time>
<ele>57.099998474121094</ele>
</trkpt>
<trkpt lat="35.8625672" lon="139.9692738">
<time>2026-06-02T08:59:34Z</time>
<ele>57.099998474121094</ele>
</trkpt>
<trkpt lat="35.8625825" lon="139.969274">
<time>2026-06-02T08:59:36Z</time>
<ele>57.099998474121094</ele>
</trkpt>
<trkpt lat="35.8625954" lon="139.9692811">
<time>2026-06-02T08:59:37Z</time>
<ele>57.099998474121094</ele>
</trkpt>
<trkpt lat="35.8626061" lon="139.9692935">
<time>2026-06-02T08:59:38Z</time>
<ele>57.099998474121094</ele>
</trkpt>
<trkpt lat="35.8626176" lon="139.9693084">
<time>2026-06-02T08:59:39Z</time>
<ele>57.099998474121094</ele>
</trkpt>
<trkpt lat="35.8626281" lon="139.9693194">
<time>2026-06-02T08:59:40Z</time>
<ele>57.099998474121094</ele>
</trkpt>
<trkpt lat="35.8626378" lon="139.9693293">
<time>2026-06-02T08:59:41Z</time>
<ele>57.099998474121094</ele>
</trkpt>
<trkpt lat="35.862648" lon="139.9693373">
<time>2026-06-02T08:59:42Z</time>
<ele>57.099998474121094</ele>
</trkpt>
<trkpt lat="35.8626664" lon="139.9693541">
<time>2026-06-02T08:59:43Z</time>
<ele>57.099998474121094</ele>
</trkpt>
<trkpt lat="35.8626785" lon="139.9693618">
<time>2026-06-02T08:59:44Z</time>
<ele>57.099998474121094</ele>
</trkpt>
<trkpt lat="35.862687" lon="139.9693665">
<time>2026-06-02T08:59:45Z</time>
<ele>57.099998474121094</ele>
</trkpt>
<trkpt lat="35.8626954" lon="139.9693725">
<time>2026-06-02T08:59:46Z</time>
<ele>57.099998474121094</ele>
</trkpt>
<trkpt lat="35.8627037" lon="139.9693773">
<time>2026-06-02T08:59:47Z</time>
<ele>57.099998474121094</ele>
</trkpt>
<trkpt lat="35.8627137" lon="139.9693807">
<time>2026-06-02T08:59:49Z</time>
<ele>57.099998474121094</ele>
</trkpt>
<trkpt lat="35.8627232" lon="139.9693885">
<time>2026-06-02T08:59:54Z</time>
<ele>57.099998474121094</ele>
</trkpt>
<trkpt lat="35.8627525" lon="139.9694008">
<time>2026-06-02T08:59:55Z</time>
<ele>57.099998474121094</ele>
</trkpt>
<trkpt lat="35.8627694" lon="139.9694123">
<time>2026-06-02T08:59:56Z</time>
<ele>57.099998474121094</ele>
</trkpt>
<trkpt lat="35.8627803" lon="139.969421">
<time>2026-06-02T08:59:57Z</time>
<ele>57.099998474121094</ele>
</trkpt>
<trkpt lat="35.8627904" lon="139.9694293">
<time>2026-06-02T08:59:58Z</time>
<ele>57.099998474121094</ele>
</trkpt>
<trkpt lat="35.8628038" lon="139.9694382">
<time>2026-06-02T08:59:59Z</time>
<ele>57.5</ele>
</trkpt>
<trkpt lat="35.8628186" lon="139.9694479">
<time>2026-06-02T09:00:00Z</time>
<ele>57.5</ele>
</trkpt>
<trkpt lat="35.8628323" lon="139.969458">
<time>2026-06-02T09:00:01Z</time>
<ele>57.5</ele>
</trkpt>
<trkpt lat="35.8628455" lon="139.969467">
<time>2026-06-02T09:00:02Z</time>
<ele>57.5</ele>
</trkpt>
<trkpt lat="35.8628567" lon="139.9694734">
<time>2026-06-02T09:00:03Z</time>
<ele>57.5</ele>
</trkpt>
<trkpt lat="35.8628745" lon="139.969482">
<time>2026-06-02T09:00:04Z</time>
<ele>57.5</ele>
</trkpt>
<trkpt lat="35.8628856" lon="139.9694788">
<time>2026-06-02T09:00:05Z</time>
<ele>57.5</ele>
</trkpt>
<trkpt lat="35.8628922" lon="139.9694699">
<time>2026-06-02T09:00:06Z</time>
<ele>57.5</ele>
</trkpt>
<trkpt lat="35.8628994" lon="139.969461">
<time>2026-06-02T09:00:07Z</time>
<ele>57.5</ele>
</trkpt>
<trkpt lat="35.8629041" lon="139.9694477">
<time>2026-06-02T09:00:08Z</time>
<ele>57.39999771118164</ele>
</trkpt>
<trkpt lat="35.8629092" lon="139.9694352">
<time>2026-06-02T09:00:09Z</time>
<ele>57.39999771118164</ele>
</trkpt>
<trkpt lat="35.8629154" lon="139.9694239">
<time>2026-06-02T09:00:10Z</time>
<ele>57.39999771118164</ele>
</trkpt>
<trkpt lat="35.8629219" lon="139.9694117">
<time>2026-06-02T09:00:11Z</time>
<ele>57.39999771118164</ele>
</trkpt>
<trkpt lat="35.862929" lon="139.9694009">
<time>2026-06-02T09:00:12Z</time>
<ele>57.39999771118164</ele>
</trkpt>
<trkpt lat="35.8629376" lon="139.9693821">
<time>2026-06-02T09:00:13Z</time>
<ele>57.39999771118164</ele>
</trkpt>
<trkpt lat="35.8629438" lon="139.9693712">
<time>2026-06-02T09:00:14Z</time>
<ele>57.39999771118164</ele>
</trkpt>
<trkpt lat="35.8629506" lon="139.9693568">
<time>2026-06-02T09:00:15Z</time>
<ele>57.39999771118164</ele>
</trkpt>
<trkpt lat="35.8629593" lon="139.969339">
<time>2026-06-02T09:00:16Z</time>
<ele>57.20000076293945</ele>
</trkpt>
<trkpt lat="35.862967" lon="139.9693207">
<time>2026-06-02T09:00:17Z</time>
<ele>57.20000076293945</ele>
</trkpt>
<trkpt lat="35.8629727" lon="139.9693067">
<time>2026-06-02T09:00:18Z</time>
<ele>57.20000076293945</ele>
</trkpt>
<trkpt lat="35.8629796" lon="139.9692924">
<time>2026-06-02T09:00:19Z</time>
<ele>57.20000076293945</ele>
</trkpt>
<trkpt lat="35.8629873" lon="139.969278">
<time>2026-06-02T09:00:20Z</time>
<ele>57.20000076293945</ele>
</trkpt>
<trkpt lat="35.8629949" lon="139.9692636">
<time>2026-06-02T09:00:21Z</time>
<ele>57.20000076293945</ele>
</trkpt>
<trkpt lat="35.8630026" lon="139.9692489">
<time>2026-06-02T09:00:22Z</time>
<ele>57.20000076293945</ele>
</trkpt>
<trkpt lat="35.8630085" lon="139.9692357">
<time>2026-06-02T09:00:23Z</time>
<ele>57.20000076293945</ele>
</trkpt>
<trkpt lat="35.8630146" lon="139.9692233">
<time>2026-06-02T09:00:24Z</time>
<ele>57.20000076293945</ele>
</trkpt>
<trkpt lat="35.8630194" lon="139.9692105">
<time>2026-06-02T09:00:25Z</time>
<ele>57.20000076293945</ele>
</trkpt>
<trkpt lat="35.8630237" lon="139.9691983">
<time>2026-06-02T09:00:26Z</time>
<ele>57.20000076293945</ele>
</trkpt>
<trkpt lat="35.8630288" lon="139.9691869">
<time>2026-06-02T09:00:27Z</time>
<ele>57.20000076293945</ele>
</trkpt>
<trkpt lat="35.8630353" lon="139.9691742">
<time>2026-06-02T09:00:28Z</time>
<ele>57.20000076293945</ele>
</trkpt>
<trkpt lat="35.8630418" lon="139.9691653">
<time>2026-06-02T09:00:29Z</time>
<ele>57.20000076293945</ele>
</trkpt>
<trkpt lat="35.8630535" lon="139.969144">
<time>2026-06-02T09:00:31Z</time>
<ele>57.20000076293945</ele>
</trkpt>
<trkpt lat="35.8630594" lon="139.9691295">
<time>2026-06-02T09:00:32Z</time>
<ele>57.20000076293945</ele>
</trkpt>
<trkpt lat="35.8630622" lon="139.9691165">
<time>2026-06-02T09:00:33Z</time>
<ele>57.20000076293945</ele>
</trkpt>
<trkpt lat="35.8630662" lon="139.9691028">
<time>2026-06-02T09:00:34Z</time>
<ele>57.20000076293945</ele>
</trkpt>
<trkpt lat="35.8630712" lon="139.9690899">
<time>2026-06-02T09:00:35Z</time>
<ele>57.20000076293945</ele>
</trkpt>
<trkpt lat="35.8630758" lon="139.9690777">
<time>2026-06-02T09:00:36Z</time>
<ele>57.20000076293945</ele>
</trkpt>
<trkpt lat="35.8630815" lon="139.9690645">
<time>2026-06-02T09:00:37Z</time>
<ele>57.20000076293945</ele>
</trkpt>
<trkpt lat="35.8630881" lon="139.9690493">
<time>2026-06-02T09:00:38Z</time>
<ele>57.20000076293945</ele>
</trkpt>
<trkpt lat="35.8630991" lon="139.9690385">
<time>2026-06-02T09:00:39Z</time>
<ele>57.20000076293945</ele>
</trkpt>
<trkpt lat="35.8631046" lon="139.9690268">
<time>2026-06-02T09:00:40Z</time>
<ele>57.20000076293945</ele>
</trkpt>
<trkpt lat="35.8631127" lon="139.969006">
<time>2026-06-02T09:00:42Z</time>
<ele>57.20000076293945</ele>
</trkpt>
<trkpt lat="35.8631165" lon="139.9689952">
<time>2026-06-02T09:00:43Z</time>
<ele>57.20000076293945</ele>
</trkpt>
<trkpt lat="35.8631204" lon="139.9689842">
<time>2026-06-02T09:00:44Z</time>
<ele>57.20000076293945</ele>
</trkpt>
<trkpt lat="35.863125" lon="139.9689741">
<time>2026-06-02T09:00:45Z</time>
<ele>57.20000076293945</ele>
</trkpt>
<trkpt lat="35.863129" lon="139.9689629">
<time>2026-06-02T09:00:46Z</time>
<ele>57.20000076293945</ele>
</trkpt>
<trkpt lat="35.8631341" lon="139.9689529">
<time>2026-06-02T09:00:50Z</time>
<ele>57.20000076293945</ele>
</trkpt>
<trkpt lat="35.8631384" lon="139.9689394">
<time>2026-06-02T09:00:52Z</time>
<ele>57.20000076293945</ele>
</trkpt>
<trkpt lat="35.8631399" lon="139.9689268">
<time>2026-06-02T09:00:53Z</time>
<ele>57.20000076293945</ele>
</trkpt>
<trkpt lat="35.8631433" lon="139.9689126">
<time>2026-06-02T09:00:54Z</time>
<ele>57.29999923706055</ele>
</trkpt>
<trkpt lat="35.8631454" lon="139.9688975">
<time>2026-06-02T09:00:55Z</time>
<ele>57.29999923706055</ele>
</trkpt>
<trkpt lat="35.8631505" lon="139.9688824">
<time>2026-06-02T09:00:56Z</time>
<ele>57.29999923706055</ele>
</trkpt>
<trkpt lat="35.8631567" lon="139.9688645">
<time>2026-06-02T09:00:57Z</time>
<ele>57.29999923706055</ele>
</trkpt>
<trkpt lat="35.8631634" lon="139.9688449">
<time>2026-06-02T09:00:58Z</time>
<ele>57.29999923706055</ele>
</trkpt>
<trkpt lat="35.86317" lon="139.9688261">
<time>2026-06-02T09:00:59Z</time>
<ele>57.29999923706055</ele>
</trkpt>
<trkpt lat="35.8631785" lon="139.9688055">
<time>2026-06-02T09:01:00Z</time>
<ele>57.29999923706055</ele>
</trkpt>
<trkpt lat="35.8631877" lon="139.9687863">
<time>2026-06-02T09:01:01Z</time>
<ele>57.29999923706055</ele>
</trkpt>
<trkpt lat="35.8631959" lon="139.9687692">
<time>2026-06-02T09:01:02Z</time>
<ele>57.29999923706055</ele>
</trkpt>
<trkpt lat="35.8632087" lon="139.9687604">
<time>2026-06-02T09:01:03Z</time>
<ele>57.29999923706055</ele>
</trkpt>
<trkpt lat="35.8632205" lon="139.9687498">
<time>2026-06-02T09:01:05Z</time>
<ele>57.29999923706055</ele>
</trkpt>
<trkpt lat="35.8632282" lon="139.9687372">
<time>2026-06-02T09:01:06Z</time>
<ele>57.29999923706055</ele>
</trkpt>
<trkpt lat="35.8632378" lon="139.9687207">
<time>2026-06-02T09:01:08Z</time>
<ele>57.29999923706055</ele>
</trkpt>
<trkpt lat="35.8632488" lon="139.9687021">
<time>2026-06-02T09:01:09Z</time>
<ele>57.29999923706055</ele>
</trkpt>
<trkpt lat="35.8632605" lon="139.9686822">
<time>2026-06-02T09:01:10Z</time>
<ele>57.29999923706055</ele>
</trkpt>
<trkpt lat="35.8632693" lon="139.9686642">
<time>2026-06-02T09:01:11Z</time>
<ele>57.29999923706055</ele>
</trkpt>
<trkpt lat="35.8632755" lon="139.9686484">
<time>2026-06-02T09:01:12Z</time>
<ele>57.29999923706055</ele>
</trkpt>
<trkpt lat="35.8632809" lon="139.9686359">
<time>2026-06-02T09:01:13Z</time>
<ele>57.39999771118164</ele>
</trkpt>
<trkpt lat="35.8632872" lon="139.9686223">
<time>2026-06-02T09:01:14Z</time>
<ele>57.39999771118164</ele>
</trkpt>
<trkpt lat="35.8632964" lon="139.9686064">
<time>2026-06-02T09:01:15Z</time>
<ele>57.39999771118164</ele>
</trkpt>
<trkpt lat="35.8633066" lon="139.9685935">
<time>2026-06-02T09:01:16Z</time>
<ele>57.39999771118164</ele>
</trkpt>
<trkpt lat="35.863317" lon="139.9685859">
<time>2026-06-02T09:01:17Z</time>
<ele>57.39999771118164</ele>
</trkpt>
<trkpt lat="35.8633287" lon="139.9685904">
<time>2026-06-02T09:01:18Z</time>
<ele>57.39999771118164</ele>
</trkpt>
<trkpt lat="35.8633334" lon="139.9686085">
<time>2026-06-02T09:01:20Z</time>
<ele>57.39999771118164</ele>
</trkpt>
<trkpt lat="35.863319" lon="139.9686038">
<time>2026-06-02T09:01:23Z</time>
<ele>57.39999771118164</ele>
</trkpt>
<trkpt lat="35.863309" lon="139.9685998">
<time>2026-06-02T09:01:26Z</time>
<ele>57.39999771118164</ele>
</trkpt>
<trkpt lat="35.8633159" lon="139.9685858">
<time>2026-06-02T09:01:31Z</time>
<ele>57.39999771118164</ele>
</trkpt>
<trkpt lat="35.8633368" lon="139.9685561">
<time>2026-06-02T09:01:32Z</time>
<ele>57.39999771118164</ele>
</trkpt>
<trkpt lat="35.8633466" lon="139.9685364">
<time>2026-06-02T09:01:33Z</time>
<ele>57.39999771118164</ele>
</trkpt>
<trkpt lat="35.863352" lon="139.9685199">
<time>2026-06-02T09:01:34Z</time>
<ele>57.39999771118164</ele>
</trkpt>
<trkpt lat="35.8633554" lon="139.968502">
<time>2026-06-02T09:01:35Z</time>
<ele>57.39999771118164</ele>
</trkpt>
<trkpt lat="35.8633611" lon="139.9684843">
<time>2026-06-02T09:01:36Z</time>
<ele>57.39999771118164</ele>
</trkpt>
<trkpt lat="35.8633674" lon="139.9684688">
<time>2026-06-02T09:01:37Z</time>
<ele>57.39999771118164</ele>
</trkpt>
<trkpt lat="35.863373" lon="139.9684529">
<time>2026-06-02T09:01:38Z</time>
<ele>57.39999771118164</ele>
</trkpt>
<trkpt lat="35.8633778" lon="139.9684378">
<time>2026-06-02T09:01:39Z</time>
<ele>57.39999771118164</ele>
</trkpt>
<trkpt lat="35.863382" lon="139.9684221">
<time>2026-06-02T09:01:40Z</time>
<ele>57.39999771118164</ele>
</trkpt>
<trkpt lat="35.863387" lon="139.9684057">
<time>2026-06-02T09:01:41Z</time>
<ele>57.39999771118164</ele>
</trkpt>
<trkpt lat="35.8633947" lon="139.9683867">
<time>2026-06-02T09:01:42Z</time>
<ele>57.39999771118164</ele>
</trkpt>
<trkpt lat="35.8634025" lon="139.9683676">
<time>2026-06-02T09:01:43Z</time>
<ele>57.39999771118164</ele>
</trkpt>
<trkpt lat="35.8634128" lon="139.9683437">
<time>2026-06-02T09:01:44Z</time>
<ele>57.39999771118164</ele>
</trkpt>
<trkpt lat="35.8634248" lon="139.9683165">
<time>2026-06-02T09:01:45Z</time>
<ele>57.39999771118164</ele>
</trkpt>
<trkpt lat="35.863438" lon="139.96829">
<time>2026-06-02T09:01:46Z</time>
<ele>57.39999771118164</ele>
</trkpt>
<trkpt lat="35.863451" lon="139.9682654">
<time>2026-06-02T09:01:47Z</time>
<ele>57.39999771118164</ele>
</trkpt>
<trkpt lat="35.8634627" lon="139.9682471">
<time>2026-06-02T09:01:48Z</time>
<ele>57.39999771118164</ele>
</trkpt>
<trkpt lat="35.8634716" lon="139.9682348">
<time>2026-06-02T09:01:49Z</time>
<ele>57.39999771118164</ele>
</trkpt>
<trkpt lat="35.8634727" lon="139.9682218">
<time>2026-06-02T09:01:50Z</time>
<ele>57.39999771118164</ele>
</trkpt>
<trkpt lat="35.8634756" lon="139.9682075">
<time>2026-06-02T09:01:51Z</time>
<ele>57.39999771118164</ele>
</trkpt>
<trkpt lat="35.8634806" lon="139.9681929">
<time>2026-06-02T09:01:52Z</time>
<ele>57.39999771118164</ele>
</trkpt>
<trkpt lat="35.8634858" lon="139.9681803">
<time>2026-06-02T09:01:53Z</time>
<ele>57.39999771118164</ele>
</trkpt>
<trkpt lat="35.8634852" lon="139.9681661">
<time>2026-06-02T09:01:54Z</time>
<ele>57.39999771118164</ele>
</trkpt>
<trkpt lat="35.8634901" lon="139.9681562">
<time>2026-06-02T09:01:55Z</time>
<ele>57.39999771118164</ele>
</trkpt>
<trkpt lat="35.8634913" lon="139.9681674">
<time>2026-06-02T09:02:12Z</time>
<ele>57.79999923706055</ele>
</trkpt>
<trkpt lat="35.863495" lon="139.9681789">
<time>2026-06-02T09:02:19Z</time>
<ele>57.89999771118164</ele>
</trkpt>
<trkpt lat="35.8634877" lon="139.9681921">
<time>2026-06-02T09:02:38Z</time>
<ele>57.70000076293945</ele>
</trkpt>
<trkpt lat="35.8634887" lon="139.9682034">
<time>2026-06-02T09:03:02Z</time>
<ele>57.79999923706055</ele>
</trkpt>
<trkpt lat="35.8634835" lon="139.9682179">
<time>2026-06-02T09:03:07Z</time>
<ele>57.79999923706055</ele>
</trkpt>
<trkpt lat="35.8634678" lon="139.9682555">
<time>2026-06-02T09:03:08Z</time>
<ele>57.89999771118164</ele>
</trkpt>
<trkpt lat="35.8634637" lon="139.9682739">
<time>2026-06-02T09:03:09Z</time>
<ele>57.89999771118164</ele>
</trkpt>
<trkpt lat="35.8634643" lon="139.9682876">
<time>2026-06-02T09:03:10Z</time>
<ele>57.89999771118164</ele>
</trkpt>
<trkpt lat="35.8634685" lon="139.9683009">
<time>2026-06-02T09:03:11Z</time>
<ele>57.89999771118164</ele>
</trkpt>
<trkpt lat="35.8634756" lon="139.9683111">
<time>2026-06-02T09:03:12Z</time>
<ele>57.89999771118164</ele>
</trkpt>
<trkpt lat="35.8634859" lon="139.9683252">
<time>2026-06-02T09:03:13Z</time>
<ele>57.89999771118164</ele>
</trkpt>
<trkpt lat="35.863505" lon="139.968333">
<time>2026-06-02T09:03:14Z</time>
<ele>57.89999771118164</ele>
</trkpt>
<trkpt lat="35.8635278" lon="139.9683381">
<time>2026-06-02T09:03:15Z</time>
<ele>57.89999771118164</ele>
</trkpt>
<trkpt lat="35.8635733" lon="139.9683391">
<time>2026-06-02T09:03:16Z</time>
<ele>58.099998474121094</ele>
</trkpt>
<trkpt lat="35.8635972" lon="139.9683398">
<time>2026-06-02T09:03:17Z</time>
<ele>58.099998474121094</ele>
</trkpt>
<trkpt lat="35.8636135" lon="139.9683416">
<time>2026-06-02T09:03:18Z</time>
<ele>58.099998474121094</ele>
</trkpt>
<trkpt lat="35.8636275" lon="139.9683436">
<time>2026-06-02T09:03:19Z</time>
<ele>58.099998474121094</ele>
</trkpt>
<trkpt lat="35.8636376" lon="139.9683507">
<time>2026-06-02T09:03:20Z</time>
<ele>58.099998474121094</ele>
</trkpt>
<trkpt lat="35.8636506" lon="139.9683602">
<time>2026-06-02T09:03:21Z</time>
<ele>58.099998474121094</ele>
</trkpt>
<trkpt lat="35.8636618" lon="139.9683674">
<time>2026-06-02T09:03:22Z</time>
<ele>58.099998474121094</ele>
</trkpt>
<trkpt lat="35.8636729" lon="139.9683732">
<time>2026-06-02T09:03:23Z</time>
<ele>58.099998474121094</ele>
</trkpt>
<trkpt lat="35.8636858" lon="139.9683635">
<time>2026-06-02T09:03:24Z</time>
<ele>58.099998474121094</ele>
</trkpt>
<trkpt lat="35.8636936" lon="139.9683563">
<time>2026-06-02T09:03:25Z</time>
<ele>58.099998474121094</ele>
</trkpt>
<trkpt lat="35.8636998" lon="139.9683458">
<time>2026-06-02T09:03:26Z</time>
<ele>58.099998474121094</ele>
</trkpt>
<trkpt lat="35.8637018" lon="139.9683316">
<time>2026-06-02T09:03:28Z</time>
<ele>58.099998474121094</ele>
</trkpt>
<trkpt lat="35.8637076" lon="139.9683202">
<time>2026-06-02T09:03:31Z</time>
<ele>58.099998474121094</ele>
</trkpt>
<trkpt lat="35.8637263" lon="139.9683042">
<time>2026-06-02T09:03:32Z</time>
<ele>58.39999771118164</ele>
</trkpt>
<trkpt lat="35.863751" lon="139.96828">
<time>2026-06-02T09:03:33Z</time>
<ele>58.39999771118164</ele>
</trkpt>
<trkpt lat="35.8637671" lon="139.9682603">
<time>2026-06-02T09:03:34Z</time>
<ele>58.39999771118164</ele>
</trkpt>
<trkpt lat="35.863781" lon="139.9682442">
<time>2026-06-02T09:03:35Z</time>
<ele>58.39999771118164</ele>
</trkpt>
<trkpt lat="35.8637938" lon="139.9682302">
<time>2026-06-02T09:03:36Z</time>
<ele>58.39999771118164</ele>
</trkpt>
<trkpt lat="35.8638055" lon="139.9682177">
<time>2026-06-02T09:03:37Z</time>
<ele>58.39999771118164</ele>
</trkpt>
<trkpt lat="35.8638173" lon="139.9682058">
<time>2026-06-02T09:03:38Z</time>
<ele>58.39999771118164</ele>
</trkpt>
<trkpt lat="35.8638287" lon="139.9681971">
<time>2026-06-02T09:03:39Z</time>
<ele>58.39999771118164</ele>
</trkpt>
<trkpt lat="35.86384" lon="139.9681916">
<time>2026-06-02T09:03:40Z</time>
<ele>58.39999771118164</ele>
</trkpt>
<trkpt lat="35.8638521" lon="139.9681882">
<time>2026-06-02T09:03:41Z</time>
<ele>58.39999771118164</ele>
</trkpt>
<trkpt lat="35.8638654" lon="139.9681868">
<time>2026-06-02T09:03:42Z</time>
<ele>58.39999771118164</ele>
</trkpt>
<trkpt lat="35.8638788" lon="139.9681864">
<time>2026-06-02T09:03:43Z</time>
<ele>58.39999771118164</ele>
</trkpt>
<trkpt lat="35.8638925" lon="139.9681867">
<time>2026-06-02T09:03:44Z</time>
<ele>58.39999771118164</ele>
</trkpt>
<trkpt lat="35.8639166" lon="139.9682044">
<time>2026-06-02T09:03:45Z</time>
<ele>58.39999771118164</ele>
</trkpt>
<trkpt lat="35.8639352" lon="139.9682133">
<time>2026-06-02T09:03:46Z</time>
<ele>58.39999771118164</ele>
</trkpt>
<trkpt lat="35.8639537" lon="139.9682181">
<time>2026-06-02T09:03:47Z</time>
<ele>58.39999771118164</ele>
</trkpt>
<trkpt lat="35.8639704" lon="139.9682203">
<time>2026-06-02T09:03:48Z</time>
<ele>58.39999771118164</ele>
</trkpt>
<trkpt lat="35.8639861" lon="139.9682183">
<time>2026-06-02T09:03:49Z</time>
<ele>58.39999771118164</ele>
</trkpt>
<trkpt lat="35.8639996" lon="139.9682164">
<time>2026-06-02T09:03:50Z</time>
<ele>58.39999771118164</ele>
</trkpt>
<trkpt lat="35.8640136" lon="139.9682157">
<time>2026-06-02T09:03:51Z</time>
<ele>58.39999771118164</ele>
</trkpt>
<trkpt lat="35.8640274" lon="139.9682181">
<time>2026-06-02T09:03:52Z</time>
<ele>58.39999771118164</ele>
</trkpt>
<trkpt lat="35.8640421" lon="139.9682284">
<time>2026-06-02T09:03:53Z</time>
<ele>58.39999771118164</ele>
</trkpt>
<trkpt lat="35.8640554" lon="139.9682367">
<time>2026-06-02T09:03:54Z</time>
<ele>58.39999771118164</ele>
</trkpt>
<trkpt lat="35.8640657" lon="139.968244">
<time>2026-06-02T09:03:55Z</time>
<ele>58.39999771118164</ele>
</trkpt>
<trkpt lat="35.864077" lon="139.9682555">
<time>2026-06-02T09:03:57Z</time>
<ele>58.39999771118164</ele>
</trkpt>
<trkpt lat="35.8640808" lon="139.9682663">
<time>2026-06-02T09:03:58Z</time>
<ele>58.39999771118164</ele>
</trkpt>
<trkpt lat="35.8640779" lon="139.9682774">
<time>2026-06-02T09:04:00Z</time>
<ele>58.5</ele>
</trkpt>
<trkpt lat="35.8640849" lon="139.9682861">
<time>2026-06-02T09:04:01Z</time>
<ele>58.5</ele>
</trkpt>
<trkpt lat="35.8641021" lon="139.9683023">
<time>2026-06-02T09:04:02Z</time>
<ele>58.5</ele>
</trkpt>
<trkpt lat="35.8641248" lon="139.9683216">
<time>2026-06-02T09:04:03Z</time>
<ele>58.5</ele>
</trkpt>
<trkpt lat="35.8641417" lon="139.9683355">
<time>2026-06-02T09:04:04Z</time>
<ele>58.5</ele>
</trkpt>
<trkpt lat="35.864155" lon="139.968345">
<time>2026-06-02T09:04:05Z</time>
<ele>58.5</ele>
</trkpt>
<trkpt lat="35.8641684" lon="139.968352">
<time>2026-06-02T09:04:06Z</time>
<ele>58.5</ele>
</trkpt>
<trkpt lat="35.864185" lon="139.9683577">
<time>2026-06-02T09:04:07Z</time>
<ele>58.70000076293945</ele>
</trkpt>
<trkpt lat="35.8642002" lon="139.9683662">
<time>2026-06-02T09:04:08Z</time>
<ele>58.70000076293945</ele>
</trkpt>
<trkpt lat="35.8642144" lon="139.9683772">
<time>2026-06-02T09:04:09Z</time>
<ele>58.70000076293945</ele>
</trkpt>
<trkpt lat="35.864229" lon="139.9683894">
<time>2026-06-02T09:04:10Z</time>
<ele>58.70000076293945</ele>
</trkpt>
<trkpt lat="35.8642431" lon="139.9684004">
<time>2026-06-02T09:04:11Z</time>
<ele>58.70000076293945</ele>
</trkpt>
<trkpt lat="35.8642574" lon="139.9684118">
<time>2026-06-02T09:04:12Z</time>
<ele>58.70000076293945</ele>
</trkpt>
<trkpt lat="35.86427" lon="139.9684218">
<time>2026-06-02T09:04:13Z</time>
<ele>58.70000076293945</ele>
</trkpt>
<trkpt lat="35.8642846" lon="139.9684354">
<time>2026-06-02T09:04:14Z</time>
<ele>58.70000076293945</ele>
</trkpt>
<trkpt lat="35.8642979" lon="139.9684462">
<time>2026-06-02T09:04:15Z</time>
<ele>58.70000076293945</ele>
</trkpt>
<trkpt lat="35.8643142" lon="139.9684582">
<time>2026-06-02T09:04:16Z</time>
<ele>58.70000076293945</ele>
</trkpt>
<trkpt lat="35.8643326" lon="139.9684716">
<time>2026-06-02T09:04:17Z</time>
<ele>58.70000076293945</ele>
</trkpt>
<trkpt lat="35.8643489" lon="139.9684833">
<time>2026-06-02T09:04:18Z</time>
<ele>58.70000076293945</ele>
</trkpt>
<trkpt lat="35.8643628" lon="139.9684926">
<time>2026-06-02T09:04:19Z</time>
<ele>58.70000076293945</ele>
</trkpt>
<trkpt lat="35.8643842" lon="139.968507">
<time>2026-06-02T09:04:20Z</time>
<ele>58.70000076293945</ele>
</trkpt>
<trkpt lat="35.8644" lon="139.9685176">
<time>2026-06-02T09:04:21Z</time>
<ele>58.70000076293945</ele>
</trkpt>
<trkpt lat="35.8644116" lon="139.9685274">
<time>2026-06-02T09:04:22Z</time>
<ele>58.89999771118164</ele>
</trkpt>
<trkpt lat="35.8644209" lon="139.9685365">
<time>2026-06-02T09:04:23Z</time>
<ele>58.89999771118164</ele>
</trkpt>
<trkpt lat="35.8644295" lon="139.968545">
<time>2026-06-02T09:04:24Z</time>
<ele>58.89999771118164</ele>
</trkpt>
<trkpt lat="35.8644378" lon="139.9685534">
<time>2026-06-02T09:04:25Z</time>
<ele>58.89999771118164</ele>
</trkpt>
<trkpt lat="35.8644451" lon="139.968561">
<time>2026-06-02T09:04:26Z</time>
<ele>58.89999771118164</ele>
</trkpt>
<trkpt lat="35.8644536" lon="139.9685714">
<time>2026-06-02T09:04:28Z</time>
<ele>58.89999771118164</ele>
</trkpt>
<trkpt lat="35.8644608" lon="139.9685795">
<time>2026-06-02T09:04:29Z</time>
<ele>58.89999771118164</ele>
</trkpt>
<trkpt lat="35.8644705" lon="139.9685868">
<time>2026-06-02T09:04:30Z</time>
<ele>58.89999771118164</ele>
</trkpt>
<trkpt lat="35.8644832" lon="139.9686026">
<time>2026-06-02T09:04:31Z</time>
<ele>58.89999771118164</ele>
</trkpt>
<trkpt lat="35.8644934" lon="139.9686141">
<time>2026-06-02T09:04:32Z</time>
<ele>58.89999771118164</ele>
</trkpt>
<trkpt lat="35.8645043" lon="139.9686252">
<time>2026-06-02T09:04:33Z</time>
<ele>58.89999771118164</ele>
</trkpt>
<trkpt lat="35.8645146" lon="139.9686345">
<time>2026-06-02T09:04:34Z</time>
<ele>58.89999771118164</ele>
</trkpt>
<trkpt lat="35.8645241" lon="139.9686431">
<time>2026-06-02T09:04:35Z</time>
<ele>58.89999771118164</ele>
</trkpt>
<trkpt lat="35.864533" lon="139.9686536">
<time>2026-06-02T09:04:36Z</time>
<ele>58.89999771118164</ele>
</trkpt>
<trkpt lat="35.8645411" lon="139.9686619">
<time>2026-06-02T09:04:37Z</time>
<ele>58.89999771118164</ele>
</trkpt>
<trkpt lat="35.8645491" lon="139.968669">
<time>2026-06-02T09:04:38Z</time>
<ele>58.89999771118164</ele>
</trkpt>
<trkpt lat="35.8645581" lon="139.9686769">
<time>2026-06-02T09:04:39Z</time>
<ele>58.89999771118164</ele>
</trkpt>
<trkpt lat="35.8645671" lon="139.9686854">
<time>2026-06-02T09:04:40Z</time>
<ele>58.89999771118164</ele>
</trkpt>
<trkpt lat="35.8645763" lon="139.9686943">
<time>2026-06-02T09:04:41Z</time>
<ele>58.89999771118164</ele>
</trkpt>
<trkpt lat="35.864585" lon="139.9687022">
<time>2026-06-02T09:04:42Z</time>
<ele>58.89999771118164</ele>
</trkpt>
<trkpt lat="35.8645969" lon="139.9687104">
<time>2026-06-02T09:04:43Z</time>
<ele>58.89999771118164</ele>
</trkpt>
<trkpt lat="35.8646085" lon="139.9687189">
<time>2026-06-02T09:04:44Z</time>
<ele>58.89999771118164</ele>
</trkpt>
<trkpt lat="35.8646217" lon="139.9687303">
<time>2026-06-02T09:04:45Z</time>
<ele>58.70000076293945</ele>
</trkpt>
<trkpt lat="35.8646364" lon="139.9687412">
<time>2026-06-02T09:04:46Z</time>
<ele>58.70000076293945</ele>
</trkpt>
<trkpt lat="35.8646494" lon="139.9687513">
<time>2026-06-02T09:04:47Z</time>
<ele>58.89999771118164</ele>
</trkpt>
<trkpt lat="35.8646614" lon="139.9687606">
<time>2026-06-02T09:04:48Z</time>
<ele>58.89999771118164</ele>
</trkpt>
<trkpt lat="35.8646726" lon="139.9687696">
<time>2026-06-02T09:04:49Z</time>
<ele>58.89999771118164</ele>
</trkpt>
<trkpt lat="35.8646822" lon="139.968777">
<time>2026-06-02T09:04:50Z</time>
<ele>58.89999771118164</ele>
</trkpt>
<trkpt lat="35.8646919" lon="139.9687851">
<time>2026-06-02T09:04:51Z</time>
<ele>58.89999771118164</ele>
</trkpt>
<trkpt lat="35.8647003" lon="139.9687926">
<time>2026-06-02T09:04:52Z</time>
<ele>58.89999771118164</ele>
</trkpt>
<trkpt lat="35.8647122" lon="139.9688053">
<time>2026-06-02T09:04:54Z</time>
<ele>58.89999771118164</ele>
</trkpt>
<trkpt lat="35.8647192" lon="139.9688126">
<time>2026-06-02T09:04:55Z</time>
<ele>58.89999771118164</ele>
</trkpt>
<trkpt lat="35.8647273" lon="139.9688201">
<time>2026-06-02T09:04:56Z</time>
<ele>58.89999771118164</ele>
</trkpt>
<trkpt lat="35.8647361" lon="139.9688283">
<time>2026-06-02T09:04:57Z</time>
<ele>58.89999771118164</ele>
</trkpt>
<trkpt lat="35.8647446" lon="139.9688357">
<time>2026-06-02T09:04:58Z</time>
<ele>58.89999771118164</ele>
</trkpt>
<trkpt lat="35.8647536" lon="139.9688424">
<time>2026-06-02T09:04:59Z</time>
<ele>58.89999771118164</ele>
</trkpt>
<trkpt lat="35.8647619" lon="139.9688494">
<time>2026-06-02T09:05:00Z</time>
<ele>58.89999771118164</ele>
</trkpt>
<trkpt lat="35.8647705" lon="139.9688568">
<time>2026-06-02T09:05:01Z</time>
<ele>58.89999771118164</ele>
</trkpt>
<trkpt lat="35.8647799" lon="139.9688658">
<time>2026-06-02T09:05:02Z</time>
<ele>58.89999771118164</ele>
</trkpt>
<trkpt lat="35.8647888" lon="139.968874">
<time>2026-06-02T09:05:03Z</time>
<ele>58.89999771118164</ele>
</trkpt>
<trkpt lat="35.8647973" lon="139.9688802">
<time>2026-06-02T09:05:04Z</time>
<ele>58.89999771118164</ele>
</trkpt>
<trkpt lat="35.8648125" lon="139.9688933">
<time>2026-06-02T09:05:06Z</time>
<ele>58.89999771118164</ele>
</trkpt>
<trkpt lat="35.8648206" lon="139.9689017">
<time>2026-06-02T09:05:07Z</time>
<ele>58.89999771118164</ele>
</trkpt>
<trkpt lat="35.8648286" lon="139.9689095">
<time>2026-06-02T09:05:08Z</time>
<ele>60.70000076293945</ele>
</trkpt>
<trkpt lat="35.8648398" lon="139.9689209">
<time>2026-06-02T09:05:09Z</time>
<ele>60.70000076293945</ele>
</trkpt>
<trkpt lat="35.864847" lon="139.9689294">
<time>2026-06-02T09:05:10Z</time>
<ele>60.70000076293945</ele>
</trkpt>
<trkpt lat="35.8648551" lon="139.9689482">
<time>2026-06-02T09:05:12Z</time>
<ele>60.70000076293945</ele>
</trkpt>
<trkpt lat="35.8648553" lon="139.968966">
<time>2026-06-02T09:05:14Z</time>
<ele>60.70000076293945</ele>
</trkpt>
<trkpt lat="35.8648631" lon="139.9689741">
<time>2026-06-02T09:05:16Z</time>
<ele>58.89999771118164</ele>
</trkpt>
<trkpt lat="35.8648571" lon="139.968964">
<time>2026-06-02T09:05:23Z</time>
<ele>58.89999771118164</ele>
</trkpt>
<trkpt lat="35.8648549" lon="139.9689526">
<time>2026-06-02T09:05:27Z</time>
<ele>59.89999771118164</ele>
</trkpt>
<trkpt lat="35.8648621" lon="139.9689631">
<time>2026-06-02T09:05:32Z</time>
<ele>60.099998474121094</ele>
</trkpt>
<trkpt lat="35.8648694" lon="139.9689728">
<time>2026-06-02T09:05:36Z</time>
<ele>60.099998474121094</ele>
</trkpt>
<trkpt lat="35.8648865" lon="139.9689925">
<time>2026-06-02T09:05:38Z</time>
<ele>60.099998474121094</ele>
</trkpt>
<trkpt lat="35.8649155" lon="139.969021">
<time>2026-06-02T09:05:39Z</time>
<ele>60.099998474121094</ele>
</trkpt>
<trkpt lat="35.8649688" lon="139.9690667">
<time>2026-06-02T09:05:40Z</time>
<ele>60.39999771118164</ele>
</trkpt>
<trkpt lat="35.8649849" lon="139.9690825">
<time>2026-06-02T09:05:41Z</time>
<ele>60.39999771118164</ele>
</trkpt>
<trkpt lat="35.8649995" lon="139.9690975">
<time>2026-06-02T09:05:42Z</time>
<ele>60.39999771118164</ele>
</trkpt>
<trkpt lat="35.8650135" lon="139.9691112">
<time>2026-06-02T09:05:43Z</time>
<ele>60.39999771118164</ele>
</trkpt>
<trkpt lat="35.8650268" lon="139.9691226">
<time>2026-06-02T09:05:44Z</time>
<ele>60.39999771118164</ele>
</trkpt>
<trkpt lat="35.8650384" lon="139.9691338">
<time>2026-06-02T09:05:45Z</time>
<ele>60.39999771118164</ele>
</trkpt>
<trkpt lat="35.8650501" lon="139.9691476">
<time>2026-06-02T09:05:46Z</time>
<ele>60.39999771118164</ele>
</trkpt>
<trkpt lat="35.8650614" lon="139.969161">
<time>2026-06-02T09:05:47Z</time>
<ele>60.39999771118164</ele>
</trkpt>
<trkpt lat="35.8650737" lon="139.9691757">
<time>2026-06-02T09:05:48Z</time>
<ele>60.39999771118164</ele>
</trkpt>
<trkpt lat="35.8650855" lon="139.9691908">
<time>2026-06-02T09:05:49Z</time>
<ele>60.39999771118164</ele>
</trkpt>
<trkpt lat="35.8651036" lon="139.9692108">
<time>2026-06-02T09:05:50Z</time>
<ele>60.39999771118164</ele>
</trkpt>
<trkpt lat="35.865123" lon="139.9692313">
<time>2026-06-02T09:05:51Z</time>
<ele>60.39999771118164</ele>
</trkpt>
<trkpt lat="35.8651397" lon="139.9692511">
<time>2026-06-02T09:05:52Z</time>
<ele>60.39999771118164</ele>
</trkpt>
<trkpt lat="35.8651528" lon="139.9692809">
<time>2026-06-02T09:05:53Z</time>
<ele>60.39999771118164</ele>
</trkpt>
<trkpt lat="35.8651634" lon="139.9693046">
<time>2026-06-02T09:05:54Z</time>
<ele>60.39999771118164</ele>
</trkpt>
<trkpt lat="35.8651708" lon="139.9693247">
<time>2026-06-02T09:05:55Z</time>
<ele>60.39999771118164</ele>
</trkpt>
<trkpt lat="35.8651768" lon="139.9693412">
<time>2026-06-02T09:05:56Z</time>
<ele>60.39999771118164</ele>
</trkpt>
<trkpt lat="35.8651808" lon="139.9693562">
<time>2026-06-02T09:05:57Z</time>
<ele>60.39999771118164</ele>
</trkpt>
<trkpt lat="35.8651871" lon="139.9693673">
<time>2026-06-02T09:05:58Z</time>
<ele>60.099998474121094</ele>
</trkpt>
<trkpt lat="35.865194" lon="139.9693793">
<time>2026-06-02T09:05:59Z</time>
<ele>60.099998474121094</ele>
</trkpt>
<trkpt lat="35.8652006" lon="139.9693892">
<time>2026-06-02T09:06:00Z</time>
<ele>60.099998474121094</ele>
</trkpt>
<trkpt lat="35.86521" lon="139.969397">
<time>2026-06-02T09:06:01Z</time>
<ele>60.099998474121094</ele>
</trkpt>
<trkpt lat="35.8652216" lon="139.9694053">
<time>2026-06-02T09:06:02Z</time>
<ele>60.099998474121094</ele>
</trkpt>
<trkpt lat="35.8652317" lon="139.969414">
<time>2026-06-02T09:06:03Z</time>
<ele>60.099998474121094</ele>
</trkpt>
<trkpt lat="35.8652396" lon="139.9694252">
<time>2026-06-02T09:06:04Z</time>
<ele>60.099998474121094</ele>
</trkpt>
<trkpt lat="35.8652465" lon="139.969437">
<time>2026-06-02T09:06:05Z</time>
<ele>60.099998474121094</ele>
</trkpt>
<trkpt lat="35.8652503" lon="139.9694511">
<time>2026-06-02T09:06:06Z</time>
<ele>60.70000076293945</ele>
</trkpt>
<trkpt lat="35.8652539" lon="139.9694689">
<time>2026-06-02T09:06:07Z</time>
<ele>60.70000076293945</ele>
</trkpt>
<trkpt lat="35.8652569" lon="139.9694848">
<time>2026-06-02T09:06:08Z</time>
<ele>60.70000076293945</ele>
</trkpt>
<trkpt lat="35.8652583" lon="139.9695009">
<time>2026-06-02T09:06:09Z</time>
<ele>60.70000076293945</ele>
</trkpt>
<trkpt lat="35.8652554" lon="139.9695205">
<time>2026-06-02T09:06:10Z</time>
<ele>60.70000076293945</ele>
</trkpt>
<trkpt lat="35.8652538" lon="139.9695488">
<time>2026-06-02T09:06:11Z</time>
<ele>60.70000076293945</ele>
</trkpt>
<trkpt lat="35.8652527" lon="139.96957">
<time>2026-06-02T09:06:12Z</time>
<ele>60.70000076293945</ele>
</trkpt>
<trkpt lat="35.8652499" lon="139.9695886">
<time>2026-06-02T09:06:13Z</time>
<ele>60.70000076293945</ele>
</trkpt>
<trkpt lat="35.8652467" lon="139.9696019">
<time>2026-06-02T09:06:14Z</time>
<ele>60.70000076293945</ele>
</trkpt>
<trkpt lat="35.8652405" lon="139.9696125">
<time>2026-06-02T09:06:15Z</time>
<ele>60.70000076293945</ele>
</trkpt>
<trkpt lat="35.8652332" lon="139.9696199">
<time>2026-06-02T09:06:16Z</time>
<ele>60.70000076293945</ele>
</trkpt>
<trkpt lat="35.8652252" lon="139.9696258">
<time>2026-06-02T09:06:17Z</time>
<ele>60.70000076293945</ele>
</trkpt>
<trkpt lat="35.8652133" lon="139.9696298">
<time>2026-06-02T09:06:18Z</time>
<ele>60.70000076293945</ele>
</trkpt>
<trkpt lat="35.8652007" lon="139.9696331">
<time>2026-06-02T09:06:19Z</time>
<ele>60.39999771118164</ele>
</trkpt>
<trkpt lat="35.8651899" lon="139.9696402">
<time>2026-06-02T09:06:20Z</time>
<ele>60.39999771118164</ele>
</trkpt>
<trkpt lat="35.8651791" lon="139.9696503">
<time>2026-06-02T09:06:21Z</time>
<ele>60.39999771118164</ele>
</trkpt>
<trkpt lat="35.8651639" lon="139.9696602">
<time>2026-06-02T09:06:22Z</time>
<ele>60.39999771118164</ele>
</trkpt>
<trkpt lat="35.8651469" lon="139.9696693">
<time>2026-06-02T09:06:23Z</time>
<ele>60.39999771118164</ele>
</trkpt>
<trkpt lat="35.8651277" lon="139.9696677">
<time>2026-06-02T09:06:24Z</time>
<ele>60.39999771118164</ele>
</trkpt>
<trkpt lat="35.8651124" lon="139.9696651">
<time>2026-06-02T09:06:25Z</time>
<ele>60.099998474121094</ele>
</trkpt>
<trkpt lat="35.8650968" lon="139.9696688">
<time>2026-06-02T09:06:26Z</time>
<ele>60.099998474121094</ele>
</trkpt>
<trkpt lat="35.8650827" lon="139.9696757">
<time>2026-06-02T09:06:27Z</time>
<ele>60.29999923706055</ele>
</trkpt>
<trkpt lat="35.8650704" lon="139.9696816">
<time>2026-06-02T09:06:28Z</time>
<ele>60.29999923706055</ele>
</trkpt>
<trkpt lat="35.8650572" lon="139.9696854">
<time>2026-06-02T09:06:29Z</time>
<ele>60.29999923706055</ele>
</trkpt>
<trkpt lat="35.8650438" lon="139.9696948">
<time>2026-06-02T09:06:30Z</time>
<ele>60.29999923706055</ele>
</trkpt>
<trkpt lat="35.8650302" lon="139.9697077">
<time>2026-06-02T09:06:31Z</time>
<ele>60.29999923706055</ele>
</trkpt>
<trkpt lat="35.8650195" lon="139.9697175">
<time>2026-06-02T09:06:32Z</time>
<ele>60.29999923706055</ele>
</trkpt>
<trkpt lat="35.8650063" lon="139.9697209">
<time>2026-06-02T09:06:33Z</time>
<ele>60.29999923706055</ele>
</trkpt>
<trkpt lat="35.8649966" lon="139.9697239">
<time>2026-06-02T09:06:34Z</time>
<ele>60.29999923706055</ele>
</trkpt>
<trkpt lat="35.8649878" lon="139.9697286">
<time>2026-06-02T09:06:35Z</time>
<ele>59.89999771118164</ele>
</trkpt>
<trkpt lat="35.8649745" lon="139.9697369">
<time>2026-06-02T09:06:37Z</time>
<ele>59.89999771118164</ele>
</trkpt>
<trkpt lat="35.8649631" lon="139.9697413">
<time>2026-06-02T09:06:39Z</time>
<ele>59.89999771118164</ele>
</trkpt>
<trkpt lat="35.8649506" lon="139.9697451">
<time>2026-06-02T09:06:41Z</time>
<ele>59.89999771118164</ele>
</trkpt>
<trkpt lat="35.8649342" lon="139.9697517">
<time>2026-06-02T09:06:43Z</time>
<ele>59.79999923706055</ele>
</trkpt>
<trkpt lat="35.864924" lon="139.9697563">
<time>2026-06-02T09:06:44Z</time>
<ele>59.79999923706055</ele>
</trkpt>
<trkpt lat="35.864913" lon="139.9697603">
<time>2026-06-02T09:06:45Z</time>
<ele>59.79999923706055</ele>
</trkpt>
<trkpt lat="35.8649004" lon="139.9697642">
<time>2026-06-02T09:06:46Z</time>
<ele>59.79999923706055</ele>
</trkpt>
<trkpt lat="35.8648856" lon="139.969768">
<time>2026-06-02T09:06:47Z</time>
<ele>59.79999923706055</ele>
</trkpt>
<trkpt lat="35.864871" lon="139.9697715">
<time>2026-06-02T09:06:48Z</time>
<ele>59.79999923706055</ele>
</trkpt>
<trkpt lat="35.8648597" lon="139.9697739">
<time>2026-06-02T09:06:49Z</time>
<ele>59.79999923706055</ele>
</trkpt>
<trkpt lat="35.8648493" lon="139.9697755">
<time>2026-06-02T09:06:50Z</time>
<ele>59.79999923706055</ele>
</trkpt>
<trkpt lat="35.8648394" lon="139.9697765">
<time>2026-06-02T09:06:51Z</time>
<ele>59.79999923706055</ele>
</trkpt>
<trkpt lat="35.8648293" lon="139.9697787">
<time>2026-06-02T09:06:52Z</time>
<ele>59.79999923706055</ele>
</trkpt>
<trkpt lat="35.8648192" lon="139.9697833">
<time>2026-06-02T09:06:53Z</time>
<ele>59.79999923706055</ele>
</trkpt>
<trkpt lat="35.8648083" lon="139.969786">
<time>2026-06-02T09:06:54Z</time>
<ele>59.79999923706055</ele>
</trkpt>
<trkpt lat="35.8647977" lon="139.9697873">
<time>2026-06-02T09:06:55Z</time>
<ele>59.79999923706055</ele>
</trkpt>
<trkpt lat="35.8647831" lon="139.9697896">
<time>2026-06-02T09:06:56Z</time>
<ele>59.79999923706055</ele>
</trkpt>
<trkpt lat="35.8647672" lon="139.9697945">
<time>2026-06-02T09:06:57Z</time>
<ele>59.79999923706055</ele>
</trkpt>
<trkpt lat="35.8647484" lon="139.9697996">
<time>2026-06-02T09:06:58Z</time>
<ele>59.79999923706055</ele>
</trkpt>
<trkpt lat="35.8647337" lon="139.9698042">
<time>2026-06-02T09:06:59Z</time>
<ele>59.79999923706055</ele>
</trkpt>
<trkpt lat="35.8647183" lon="139.9698078">
<time>2026-06-02T09:07:00Z</time>
<ele>59.79999923706055</ele>
</trkpt>
<trkpt lat="35.8647039" lon="139.9698113">
<time>2026-06-02T09:07:01Z</time>
<ele>59.79999923706055</ele>
</trkpt>
<trkpt lat="35.8646868" lon="139.9698163">
<time>2026-06-02T09:07:02Z</time>
<ele>59.79999923706055</ele>
</trkpt>
<trkpt lat="35.8646709" lon="139.9698212">
<time>2026-06-02T09:07:03Z</time>
<ele>59.79999923706055</ele>
</trkpt>
<trkpt lat="35.8646533" lon="139.9698262">
<time>2026-06-02T09:07:04Z</time>
<ele>59.79999923706055</ele>
</trkpt>
<trkpt lat="35.8646366" lon="139.9698313">
<time>2026-06-02T09:07:05Z</time>
<ele>59.79999923706055</ele>
</trkpt>
<trkpt lat="35.864619" lon="139.9698364">
<time>2026-06-02T09:07:06Z</time>
<ele>59.79999923706055</ele>
</trkpt>
<trkpt lat="35.8646036" lon="139.969842">
<time>2026-06-02T09:07:07Z</time>
<ele>59.79999923706055</ele>
</trkpt>
<trkpt lat="35.8645886" lon="139.9698459">
<time>2026-06-02T09:07:08Z</time>
<ele>59.79999923706055</ele>
</trkpt>
<trkpt lat="35.8645715" lon="139.9698475">
<time>2026-06-02T09:07:09Z</time>
<ele>59.79999923706055</ele>
</trkpt>
<trkpt lat="35.8645569" lon="139.9698498">
<time>2026-06-02T09:07:10Z</time>
<ele>59.79999923706055</ele>
</trkpt>
<trkpt lat="35.8645448" lon="139.9698515">
<time>2026-06-02T09:07:11Z</time>
<ele>59.79999923706055</ele>
</trkpt>
<trkpt lat="35.8645327" lon="139.9698534">
<time>2026-06-02T09:07:12Z</time>
<ele>59.79999923706055</ele>
</trkpt>
<trkpt lat="35.8645181" lon="139.9698552">
<time>2026-06-02T09:07:13Z</time>
<ele>59.0</ele>
</trkpt>
<trkpt lat="35.8645031" lon="139.9698582">
<time>2026-06-02T09:07:14Z</time>
<ele>59.0</ele>
</trkpt>
<trkpt lat="35.8644895" lon="139.9698602">
<time>2026-06-02T09:07:15Z</time>
<ele>59.0</ele>
</trkpt>
<trkpt lat="35.864479" lon="139.969862">
<time>2026-06-02T09:07:16Z</time>
<ele>59.0</ele>
</trkpt>
<trkpt lat="35.8644686" lon="139.9698644">
<time>2026-06-02T09:07:17Z</time>
<ele>59.0</ele>
</trkpt>
<trkpt lat="35.8644583" lon="139.9698659">
<time>2026-06-02T09:07:18Z</time>
<ele>59.0</ele>
</trkpt>
<trkpt lat="35.8644467" lon="139.9698642">
<time>2026-06-02T09:07:19Z</time>
<ele>59.0</ele>
</trkpt>
<trkpt lat="35.8644348" lon="139.9698649">
<time>2026-06-02T09:07:20Z</time>
<ele>59.0</ele>
</trkpt>
<trkpt lat="35.8644087" lon="139.9698722">
<time>2026-06-02T09:07:22Z</time>
<ele>58.79999923706055</ele>
</trkpt>
<trkpt lat="35.8643961" lon="139.9698764">
<time>2026-06-02T09:07:23Z</time>
<ele>58.79999923706055</ele>
</trkpt>
<trkpt lat="35.8643847" lon="139.9698816">
<time>2026-06-02T09:07:24Z</time>
<ele>58.79999923706055</ele>
</trkpt>
<trkpt lat="35.8643747" lon="139.969886">
<time>2026-06-02T09:07:25Z</time>
<ele>58.79999923706055</ele>
</trkpt>
<trkpt lat="35.8643627" lon="139.9698872">
<time>2026-06-02T09:07:26Z</time>
<ele>58.79999923706055</ele>
</trkpt>
<trkpt lat="35.8643502" lon="139.9698875">
<time>2026-06-02T09:07:27Z</time>
<ele>58.79999923706055</ele>
</trkpt>
<trkpt lat="35.864337" lon="139.9698891">
<time>2026-06-02T09:07:28Z</time>
<ele>58.79999923706055</ele>
</trkpt>
<trkpt lat="35.864324" lon="139.969891">
<time>2026-06-02T09:07:29Z</time>
<ele>58.79999923706055</ele>
</trkpt>
<trkpt lat="35.8643089" lon="139.9698946">
<time>2026-06-02T09:07:30Z</time>
<ele>58.79999923706055</ele>
</trkpt>
<trkpt lat="35.8642989" lon="139.9698979">
<time>2026-06-02T09:07:31Z</time>
<ele>58.79999923706055</ele>
</trkpt>
<trkpt lat="35.8642849" lon="139.9699023">
<time>2026-06-02T09:07:32Z</time>
<ele>58.79999923706055</ele>
</trkpt>
<trkpt lat="35.8642724" lon="139.9699056">
<time>2026-06-02T09:07:33Z</time>
<ele>58.79999923706055</ele>
</trkpt>
<trkpt lat="35.8642579" lon="139.9699097">
<time>2026-06-02T09:07:35Z</time>
<ele>59.79999923706055</ele>
</trkpt>
<trkpt lat="35.8642389" lon="139.9699145">
<time>2026-06-02T09:07:37Z</time>
<ele>59.79999923706055</ele>
</trkpt>
<trkpt lat="35.86423" lon="139.9699178">
<time>2026-06-02T09:07:38Z</time>
<ele>59.79999923706055</ele>
</trkpt>
<trkpt lat="35.864211" lon="139.9699236">
<time>2026-06-02T09:07:40Z</time>
<ele>59.79999923706055</ele>
</trkpt>
<trkpt lat="35.8641971" lon="139.9699269">
<time>2026-06-02T09:07:41Z</time>
<ele>59.79999923706055</ele>
</trkpt>
<trkpt lat="35.8641822" lon="139.9699308">
<time>2026-06-02T09:07:42Z</time>
<ele>59.0</ele>
</trkpt>
<trkpt lat="35.8641689" lon="139.9699343">
<time>2026-06-02T09:07:43Z</time>
<ele>59.0</ele>
</trkpt>
<trkpt lat="35.864158" lon="139.9699376">
<time>2026-06-02T09:07:44Z</time>
<ele>59.0</ele>
</trkpt>
<trkpt lat="35.8641473" lon="139.9699409">
<time>2026-06-02T09:07:45Z</time>
<ele>59.0</ele>
</trkpt>
<trkpt lat="35.8641372" lon="139.9699447">
<time>2026-06-02T09:07:46Z</time>
<ele>59.0</ele>
</trkpt>
<trkpt lat="35.8641246" lon="139.9699482">
<time>2026-06-02T09:07:47Z</time>
<ele>59.0</ele>
</trkpt>
<trkpt lat="35.8641142" lon="139.9699521">
<time>2026-06-02T09:07:48Z</time>
<ele>59.0</ele>
</trkpt>
<trkpt lat="35.8641043" lon="139.9699553">
<time>2026-06-02T09:07:49Z</time>
<ele>58.79999923706055</ele>
</trkpt>
<trkpt lat="35.8640887" lon="139.9699614">
<time>2026-06-02T09:07:51Z</time>
<ele>58.79999923706055</ele>
</trkpt>
<trkpt lat="35.8640784" lon="139.969964">
<time>2026-06-02T09:07:52Z</time>
<ele>58.79999923706055</ele>
</trkpt>
<trkpt lat="35.8640678" lon="139.9699654">
<time>2026-06-02T09:07:53Z</time>
<ele>58.79999923706055</ele>
</trkpt>
<trkpt lat="35.8640558" lon="139.9699681">
<time>2026-06-02T09:07:54Z</time>
<ele>58.79999923706055</ele>
</trkpt>
<trkpt lat="35.8640463" lon="139.9699718">
<time>2026-06-02T09:07:55Z</time>
<ele>58.79999923706055</ele>
</trkpt>
<trkpt lat="35.864037" lon="139.9699732">
<time>2026-06-02T09:07:56Z</time>
<ele>58.79999923706055</ele>
</trkpt>
<trkpt lat="35.8640259" lon="139.9699746">
<time>2026-06-02T09:07:57Z</time>
<ele>58.79999923706055</ele>
</trkpt>
<trkpt lat="35.86401" lon="139.9699786">
<time>2026-06-02T09:07:59Z</time>
<ele>58.79999923706055</ele>
</trkpt>
<trkpt lat="35.8640007" lon="139.9699806">
<time>2026-06-02T09:08:00Z</time>
<ele>59.79999923706055</ele>
</trkpt>
<trkpt lat="35.8639901" lon="139.9699836">
<time>2026-06-02T09:08:01Z</time>
<ele>59.79999923706055</ele>
</trkpt>
<trkpt lat="35.8639802" lon="139.9699865">
<time>2026-06-02T09:08:02Z</time>
<ele>59.79999923706055</ele>
</trkpt>
<trkpt lat="35.863968" lon="139.9699909">
<time>2026-06-02T09:08:03Z</time>
<ele>59.79999923706055</ele>
</trkpt>
<trkpt lat="35.8639565" lon="139.9699937">
<time>2026-06-02T09:08:04Z</time>
<ele>59.79999923706055</ele>
</trkpt>
<trkpt lat="35.8639462" lon="139.9699946">
<time>2026-06-02T09:08:05Z</time>
<ele>59.79999923706055</ele>
</trkpt>
<trkpt lat="35.8639259" lon="139.9700024">
<time>2026-06-02T09:08:07Z</time>
<ele>59.79999923706055</ele>
</trkpt>
<trkpt lat="35.8639168" lon="139.970002">
<time>2026-06-02T09:08:08Z</time>
<ele>59.0</ele>
</trkpt>
<trkpt lat="35.8639066" lon="139.9700048">
<time>2026-06-02T09:08:09Z</time>
<ele>59.0</ele>
</trkpt>
<trkpt lat="35.8638973" lon="139.9700104">
<time>2026-06-02T09:08:10Z</time>
<ele>59.0</ele>
</trkpt>
<trkpt lat="35.8638892" lon="139.9700158">
<time>2026-06-02T09:08:11Z</time>
<ele>59.0</ele>
</trkpt>
<trkpt lat="35.8638811" lon="139.9700215">
<time>2026-06-02T09:08:12Z</time>
<ele>59.0</ele>
</trkpt>
<trkpt lat="35.8638684" lon="139.9700287">
<time>2026-06-02T09:08:14Z</time>
<ele>58.39999771118164</ele>
</trkpt>
<trkpt lat="35.8638507" lon="139.970032">
<time>2026-06-02T09:08:16Z</time>
<ele>58.39999771118164</ele>
</trkpt>
<trkpt lat="35.8638395" lon="139.970035">
<time>2026-06-02T09:08:17Z</time>
<ele>58.39999771118164</ele>
</trkpt>
<trkpt lat="35.863828" lon="139.9700398">
<time>2026-06-02T09:08:18Z</time>
<ele>58.39999771118164</ele>
</trkpt>
<trkpt lat="35.8638142" lon="139.9700428">
<time>2026-06-02T09:08:19Z</time>
<ele>58.39999771118164</ele>
</trkpt>
<trkpt lat="35.8637979" lon="139.9700456">
<time>2026-06-02T09:08:20Z</time>
<ele>58.39999771118164</ele>
</trkpt>
<trkpt lat="35.8637759" lon="139.9700453">
<time>2026-06-02T09:08:21Z</time>
<ele>58.39999771118164</ele>
</trkpt>
<trkpt lat="35.8637613" lon="139.9700477">
<time>2026-06-02T09:08:22Z</time>
<ele>58.39999771118164</ele>
</trkpt>
<trkpt lat="35.8637507" lon="139.9700507">
<time>2026-06-02T09:08:23Z</time>
<ele>58.39999771118164</ele>
</trkpt>
<trkpt lat="35.8637416" lon="139.9700536">
<time>2026-06-02T09:08:24Z</time>
<ele>58.39999771118164</ele>
</trkpt>
<trkpt lat="35.8637217" lon="139.9700577">
<time>2026-06-02T09:08:26Z</time>
<ele>58.39999771118164</ele>
</trkpt>
<trkpt lat="35.8637112" lon="139.9700609">
<time>2026-06-02T09:08:27Z</time>
<ele>58.39999771118164</ele>
</trkpt>
<trkpt lat="35.8637022" lon="139.970069">
<time>2026-06-02T09:08:28Z</time>
<ele>58.29999923706055</ele>
</trkpt>
<trkpt lat="35.8636928" lon="139.9700827">
<time>2026-06-02T09:08:29Z</time>
<ele>58.29999923706055</ele>
</trkpt>
<trkpt lat="35.8636801" lon="139.9700881">
<time>2026-06-02T09:08:30Z</time>
<ele>58.29999923706055</ele>
</trkpt>
<trkpt lat="35.863668" lon="139.9700839">
<time>2026-06-02T09:08:31Z</time>
<ele>58.29999923706055</ele>
</trkpt>
<trkpt lat="35.8636597" lon="139.9700734">
<time>2026-06-02T09:08:32Z</time>
<ele>58.29999923706055</ele>
</trkpt>
<trkpt lat="35.8636465" lon="139.9700654">
<time>2026-06-02T09:08:34Z</time>
<ele>58.29999923706055</ele>
</trkpt>
<trkpt lat="35.8636287" lon="139.97009">
<time>2026-06-02T09:08:36Z</time>
<ele>58.20000076293945</ele>
</trkpt>
<trkpt lat="35.8636158" lon="139.9701018">
<time>2026-06-02T09:08:37Z</time>
<ele>58.20000076293945</ele>
</trkpt>
<trkpt lat="35.8636019" lon="139.9701091">
<time>2026-06-02T09:08:38Z</time>
<ele>58.20000076293945</ele>
</trkpt>
<trkpt lat="35.8635877" lon="139.970114">
<time>2026-06-02T09:08:39Z</time>
<ele>58.20000076293945</ele>
</trkpt>
<trkpt lat="35.8635744" lon="139.9701172">
<time>2026-06-02T09:08:40Z</time>
<ele>58.20000076293945</ele>
</trkpt>
<trkpt lat="35.8635615" lon="139.9701199">
<time>2026-06-02T09:08:41Z</time>
<ele>58.20000076293945</ele>
</trkpt>
<trkpt lat="35.86355" lon="139.9701242">
<time>2026-06-02T09:08:42Z</time>
<ele>58.20000076293945</ele>
</trkpt>
<trkpt lat="35.8635367" lon="139.970128">
<time>2026-06-02T09:08:43Z</time>
<ele>58.20000076293945</ele>
</trkpt>
<trkpt lat="35.863525" lon="139.9701319">
<time>2026-06-02T09:08:44Z</time>
<ele>58.20000076293945</ele>
</trkpt>
<trkpt lat="35.8635144" lon="139.9701344">
<time>2026-06-02T09:08:45Z</time>
<ele>58.20000076293945</ele>
</trkpt>
<trkpt lat="35.8635031" lon="139.9701368">
<time>2026-06-02T09:08:46Z</time>
<ele>58.20000076293945</ele>
</trkpt>
<trkpt lat="35.863491" lon="139.9701383">
<time>2026-06-02T09:08:47Z</time>
<ele>58.20000076293945</ele>
</trkpt>
<trkpt lat="35.8634791" lon="139.9701392">
<time>2026-06-02T09:08:48Z</time>
<ele>58.20000076293945</ele>
</trkpt>
<trkpt lat="35.8634671" lon="139.970142">
<time>2026-06-02T09:08:49Z</time>
<ele>58.20000076293945</ele>
</trkpt>
<trkpt lat="35.8634538" lon="139.9701451">
<time>2026-06-02T09:08:50Z</time>
<ele>58.20000076293945</ele>
</trkpt>
<trkpt lat="35.8634429" lon="139.9701517">
<time>2026-06-02T09:08:51Z</time>
<ele>58.20000076293945</ele>
</trkpt>
<trkpt lat="35.863432" lon="139.9701564">
<time>2026-06-02T09:08:52Z</time>
<ele>58.20000076293945</ele>
</trkpt>
<trkpt lat="35.8634216" lon="139.9701624">
<time>2026-06-02T09:08:53Z</time>
<ele>58.20000076293945</ele>
</trkpt>
<trkpt lat="35.863409" lon="139.9701633">
<time>2026-06-02T09:08:54Z</time>
<ele>58.20000076293945</ele>
</trkpt>
<trkpt lat="35.8633994" lon="139.9701676">
<time>2026-06-02T09:08:55Z</time>
<ele>58.20000076293945</ele>
</trkpt>
<trkpt lat="35.8633894" lon="139.9701698">
<time>2026-06-02T09:08:56Z</time>
<ele>58.20000076293945</ele>
</trkpt>
<trkpt lat="35.8633785" lon="139.9701684">
<time>2026-06-02T09:08:57Z</time>
<ele>58.20000076293945</ele>
</trkpt>
<trkpt lat="35.8633682" lon="139.9701698">
<time>2026-06-02T09:08:58Z</time>
<ele>58.20000076293945</ele>
</trkpt>
<trkpt lat="35.8633541" lon="139.970176">
<time>2026-06-02T09:08:59Z</time>
<ele>58.20000076293945</ele>
</trkpt>
<trkpt lat="35.8633441" lon="139.9701785">
<time>2026-06-02T09:09:00Z</time>
<ele>58.20000076293945</ele>
</trkpt>
<trkpt lat="35.8633277" lon="139.9701806">
<time>2026-06-02T09:09:02Z</time>
<ele>58.20000076293945</ele>
</trkpt>
<trkpt lat="35.8633186" lon="139.9701817">
<time>2026-06-02T09:09:03Z</time>
<ele>58.20000076293945</ele>
</trkpt>
<trkpt lat="35.8633018" lon="139.970185">
<time>2026-06-02T09:09:05Z</time>
<ele>58.20000076293945</ele>
</trkpt>
<trkpt lat="35.863274" lon="139.9701923">
<time>2026-06-02T09:09:06Z</time>
<ele>58.099998474121094</ele>
</trkpt>
<trkpt lat="35.8632522" lon="139.9701978">
<time>2026-06-02T09:09:07Z</time>
<ele>58.099998474121094</ele>
</trkpt>
<trkpt lat="35.8632384" lon="139.9702014">
<time>2026-06-02T09:09:08Z</time>
<ele>58.099998474121094</ele>
</trkpt>
<trkpt lat="35.8632266" lon="139.9702037">
<time>2026-06-02T09:09:09Z</time>
<ele>58.099998474121094</ele>
</trkpt>
<trkpt lat="35.8632132" lon="139.9702071">
<time>2026-06-02T09:09:10Z</time>
<ele>58.099998474121094</ele>
</trkpt>
<trkpt lat="35.8632039" lon="139.9702113">
<time>2026-06-02T09:09:11Z</time>
<ele>58.099998474121094</ele>
</trkpt>
<trkpt lat="35.8631882" lon="139.9702148">
<time>2026-06-02T09:09:12Z</time>
<ele>58.099998474121094</ele>
</trkpt>
<trkpt lat="35.8631715" lon="139.9702184">
<time>2026-06-02T09:09:13Z</time>
<ele>58.099998474121094</ele>
</trkpt>
<trkpt lat="35.8631518" lon="139.9702242">
<time>2026-06-02T09:09:14Z</time>
<ele>58.29999923706055</ele>
</trkpt>
<trkpt lat="35.8631379" lon="139.9702293">
<time>2026-06-02T09:09:15Z</time>
<ele>58.29999923706055</ele>
</trkpt>
<trkpt lat="35.863127" lon="139.9702339">
<time>2026-06-02T09:09:16Z</time>
<ele>58.29999923706055</ele>
</trkpt>
<trkpt lat="35.8631166" lon="139.9702382">
<time>2026-06-02T09:09:17Z</time>
<ele>58.29999923706055</ele>
</trkpt>
<trkpt lat="35.8631057" lon="139.9702414">
<time>2026-06-02T09:09:18Z</time>
<ele>58.29999923706055</ele>
</trkpt>
<trkpt lat="35.8630962" lon="139.9702426">
<time>2026-06-02T09:09:19Z</time>
<ele>58.29999923706055</ele>
</trkpt>
<trkpt lat="35.8630793" lon="139.9702458">
<time>2026-06-02T09:09:21Z</time>
<ele>58.20000076293945</ele>
</trkpt>
<trkpt lat="35.8630706" lon="139.9702528">
<time>2026-06-02T09:09:22Z</time>
<ele>58.20000076293945</ele>
</trkpt>
<trkpt lat="35.8630518" lon="139.9702587">
<time>2026-06-02T09:09:24Z</time>
<ele>58.20000076293945</ele>
</trkpt>
<trkpt lat="35.8630309" lon="139.9702611">
<time>2026-06-02T09:09:26Z</time>
<ele>58.20000076293945</ele>
</trkpt>
<trkpt lat="35.8630187" lon="139.9702645">
<time>2026-06-02T09:09:27Z</time>
<ele>58.20000076293945</ele>
</trkpt>
<trkpt lat="35.8630018" lon="139.9702661">
<time>2026-06-02T09:09:29Z</time>
<ele>58.20000076293945</ele>
</trkpt>
<trkpt lat="35.8630002" lon="139.97028">
<time>2026-06-02T09:09:31Z</time>
<ele>58.20000076293945</ele>
</trkpt>
<trkpt lat="35.8630165" lon="139.9702806">
<time>2026-06-02T09:09:33Z</time>
<ele>58.20000076293945</ele>
</trkpt>
<trkpt lat="35.8630265" lon="139.9702768">
<time>2026-06-02T09:09:35Z</time>
<ele>58.20000076293945</ele>
</trkpt>
<trkpt lat="35.8630136" lon="139.9702745">
<time>2026-06-02T09:09:40Z</time>
<ele>58.099998474121094</ele>
</trkpt>
<trkpt lat="35.8630025" lon="139.9702712">
<time>2026-06-02T09:09:41Z</time>
<ele>58.099998474121094</ele>
</trkpt>
<trkpt lat="35.8629897" lon="139.9702707">
<time>2026-06-02T09:09:42Z</time>
<ele>58.099998474121094</ele>
</trkpt>
<trkpt lat="35.8629787" lon="139.9702695">
<time>2026-06-02T09:09:43Z</time>
<ele>58.099998474121094</ele>
</trkpt>
<trkpt lat="35.8629677" lon="139.9702725">
<time>2026-06-02T09:09:44Z</time>
<ele>58.099998474121094</ele>
</trkpt>
<trkpt lat="35.8629568" lon="139.9702685">
<time>2026-06-02T09:09:45Z</time>
<ele>58.20000076293945</ele>
</trkpt>
<trkpt lat="35.8629441" lon="139.9702653">
<time>2026-06-02T09:09:47Z</time>
<ele>60.05604183707634</ele>
</trkpt>
<trkpt lat="35.8629369" lon="139.9702583">
<time>2026-06-02T09:09:49Z</time>
<ele>60.3678966653305</ele>
</trkpt>
<trkpt lat="35.8629517" lon="139.9702544">
<time>2026-06-02T09:09:51Z</time>
<ele>60.43120301959522</ele>
</trkpt>
<trkpt lat="35.8629688" lon="139.9702471">
<time>2026-06-02T09:09:54Z</time>
<ele>61.70000076293945</ele>
</trkpt>
<trkpt lat="35.862981" lon="139.9702452">
<time>2026-06-02T09:09:55Z</time>
<ele>61.70000076293945</ele>
</trkpt>
<trkpt lat="35.8629956" lon="139.9702467">
<time>2026-06-02T09:09:56Z</time>
<ele>61.70000076293945</ele>
</trkpt>
<trkpt lat="35.8630138" lon="139.9702473">
<time>2026-06-02T09:09:58Z</time>
<ele>61.70000076293945</ele>
</trkpt>
<trkpt lat="35.863024" lon="139.9702497">
<time>2026-06-02T09:09:59Z</time>
<ele>61.70000076293945</ele>
</trkpt>
<trkpt lat="35.8630253" lon="139.970265">
<time>2026-06-02T09:10:01Z</time>
<ele>62.44361010275293</ele>
</trkpt>
<trkpt lat="35.86302" lon="139.9702771">
<time>2026-06-02T09:10:03Z</time>
<ele>62.81638403801026</ele>
</trkpt>
<trkpt lat="35.8630044" lon="139.970286">
<time>2026-06-02T09:10:05Z</time>
<ele>62.8630991767214</ele>
</trkpt>
<trkpt lat="35.8629885" lon="139.9702929">
<time>2026-06-02T09:10:06Z</time>
<ele>62.93983243752591</ele>
</trkpt>
<trkpt lat="35.8629754" lon="139.9702955">
<time>2026-06-02T09:10:07Z</time>
<ele>62.98914339297198</ele>
</trkpt>
<trkpt lat="35.8629622" lon="139.9702978">
<time>2026-06-02T09:10:08Z</time>
<ele>63.16458887439556</ele>
</trkpt>
<trkpt lat="35.8629395" lon="139.9702977">
<time>2026-06-02T09:10:10Z</time>
<ele>63.42153472215605</ele>
</trkpt>
<trkpt lat="35.8629277" lon="139.9702998">
<time>2026-06-02T09:10:11Z</time>
<ele>63.84927574613221</ele>
</trkpt>
<trkpt lat="35.862918" lon="139.9703041">
<time>2026-06-02T09:10:13Z</time>
<ele>64.4187649566146</ele>
</trkpt>
<trkpt lat="35.862908" lon="139.9703214">
<time>2026-06-02T09:10:15Z</time>
<ele>65.0</ele>
</trkpt>
<trkpt lat="35.8628792" lon="139.9703326">
<time>2026-06-02T09:10:16Z</time>
<ele>65.0</ele>
</trkpt>
<trkpt lat="35.8628716" lon="139.9703399">
<time>2026-06-02T09:10:17Z</time>
<ele>65.0</ele>
</trkpt>
<trkpt lat="35.8628646" lon="139.9703501">
<time>2026-06-02T09:10:19Z</time>
<ele>65.0</ele>
</trkpt>
<trkpt lat="35.8628749" lon="139.9703404">
<time>2026-06-02T09:10:23Z</time>
<ele>65.0</ele>
</trkpt>
<trkpt lat="35.8628816" lon="139.9703327">
<time>2026-06-02T09:10:27Z</time>
<ele>65.0</ele>
</trkpt>
<trkpt lat="35.862872" lon="139.9703334">
<time>2026-06-02T09:10:32Z</time>
<ele>65.0</ele>
</trkpt>
<trkpt lat="35.8628664" lon="139.970348">
<time>2026-06-02T09:10:36Z</time>
<ele>65.0</ele>
</trkpt>
<trkpt lat="35.8628584" lon="139.970367">
<time>2026-06-02T09:10:37Z</time>
<ele>65.0</ele>
</trkpt>
<trkpt lat="35.8628442" lon="139.9703995">
<time>2026-06-02T09:10:38Z</time>
<ele>65.17939856189574</ele>
</trkpt>
<trkpt lat="35.8628328" lon="139.9704224">
<time>2026-06-02T09:10:39Z</time>
<ele>65.1762834044502</ele>
</trkpt>
<trkpt lat="35.8628211" lon="139.9704411">
<time>2026-06-02T09:10:40Z</time>
<ele>65.09377728029138</ele>
</trkpt>
<trkpt lat="35.8628037" lon="139.9704586">
<time>2026-06-02T09:10:41Z</time>
<ele>65.08183586395958</ele>
</trkpt>
<trkpt lat="35.8627967" lon="139.970473">
<time>2026-06-02T09:10:42Z</time>
<ele>64.98746239740805</ele>
</trkpt>
<trkpt lat="35.8627941" lon="139.970491">
<time>2026-06-02T09:10:43Z</time>
<ele>64.98746239740805</ele>
</trkpt>
<trkpt lat="35.8627926" lon="139.9705093">
<time>2026-06-02T09:10:45Z</time>
<ele>65.0</ele>
</trkpt>
<trkpt lat="35.8627893" lon="139.9705301">
<time>2026-06-02T09:10:47Z</time>
<ele>65.4000015258789</ele>
</trkpt>
<trkpt lat="35.8627873" lon="139.9705444">
<time>2026-06-02T09:10:48Z</time>
<ele>65.4000015258789</ele>
</trkpt>
<trkpt lat="35.8627871" lon="139.9705586">
<time>2026-06-02T09:10:49Z</time>
<ele>65.4000015258789</ele>
</trkpt>
<trkpt lat="35.8627864" lon="139.9705732">
<time>2026-06-02T09:10:50Z</time>
<ele>65.4000015258789</ele>
</trkpt>
<trkpt lat="35.8627841" lon="139.9705873">
<time>2026-06-02T09:10:51Z</time>
<ele>65.4000015258789</ele>
</trkpt>
<trkpt lat="35.8627815" lon="139.9706004">
<time>2026-06-02T09:10:52Z</time>
<ele>65.4000015258789</ele>
</trkpt>
<trkpt lat="35.8627786" lon="139.9706124">
<time>2026-06-02T09:10:53Z</time>
<ele>65.4000015258789</ele>
</trkpt>
<trkpt lat="35.8627408" lon="139.9706514">
<time>2026-06-02T09:10:55Z</time>
<ele>66.19999694824219</ele>
</trkpt>
<trkpt lat="35.8627338" lon="139.9706642">
<time>2026-06-02T09:10:56Z</time>
<ele>66.19999694824219</ele>
</trkpt>
<trkpt lat="35.862729" lon="139.9706755">
<time>2026-06-02T09:10:57Z</time>
<ele>66.19999694824219</ele>
</trkpt>
<trkpt lat="35.8627225" lon="139.9706899">
<time>2026-06-02T09:10:58Z</time>
<ele>66.19999694824219</ele>
</trkpt>
<trkpt lat="35.8627179" lon="139.9707046">
<time>2026-06-02T09:11:00Z</time>
<ele>66.19999694824219</ele>
</trkpt>
<trkpt lat="35.8627156" lon="139.9707167">
<time>2026-06-02T09:11:00Z</time>
<ele>66.19999694824219</ele>
</trkpt>
<trkpt lat="35.862701" lon="139.9707334">
<time>2026-06-02T09:11:01Z</time>
<ele>66.19999694824219</ele>
</trkpt>
<trkpt lat="35.8626855" lon="139.9707564">
<time>2026-06-02T09:11:03Z</time>
<ele>66.19999694824219</ele>
</trkpt>
<trkpt lat="35.8626731" lon="139.9707781">
<time>2026-06-02T09:11:04Z</time>
<ele>66.19999694824219</ele>
</trkpt>
<trkpt lat="35.8626662" lon="139.97079">
<time>2026-06-02T09:11:05Z</time>
<ele>66.19999694824219</ele>
</trkpt>
<trkpt lat="35.8626585" lon="139.9708009">
<time>2026-06-02T09:11:07Z</time>
<ele>66.19999694824219</ele>
</trkpt>
<trkpt lat="35.8626497" lon="139.9708196">
<time>2026-06-02T09:11:08Z</time>
<ele>66.19999694824219</ele>
</trkpt>
<trkpt lat="35.8624857" lon="139.9712321">
<time>2026-06-02T09:11:39Z</time>
<ele>65.4000015258789</ele>
</trkpt>
<trkpt lat="35.8624736" lon="139.9712389">
<time>2026-06-02T09:11:41Z</time>
<ele>65.4000015258789</ele>
</trkpt>
<trkpt lat="35.8624628" lon="139.971251">
<time>2026-06-02T09:11:43Z</time>
<ele>65.4000015258789</ele>
</trkpt>
<trkpt lat="35.8624534" lon="139.971266">
<time>2026-06-02T09:11:45Z</time>
<ele>65.4000015258789</ele>
</trkpt>
<trkpt lat="35.862455" lon="139.9712814">
<time>2026-06-02T09:11:47Z</time>
<ele>65.4000015258789</ele>
</trkpt>
<trkpt lat="35.8624431" lon="139.9712708">
<time>2026-06-02T09:11:49Z</time>
<ele>65.4000015258789</ele>
</trkpt>
<trkpt lat="35.862433" lon="139.9712582">
<time>2026-06-02T09:11:51Z</time>
<ele>65.4000015258789</ele>
</trkpt>
<trkpt lat="35.8624217" lon="139.9712607">
<time>2026-06-02T09:11:55Z</time>
<ele>65.4000015258789</ele>
</trkpt>
<trkpt lat="35.8623962" lon="139.971297">
<time>2026-06-02T09:11:57Z</time>
<ele>65.4000015258789</ele>
</trkpt>
<trkpt lat="35.8623866" lon="139.9713126">
<time>2026-06-02T09:11:58Z</time>
<ele>65.4000015258789</ele>
</trkpt>
<trkpt lat="35.86238" lon="139.9713245">
<time>2026-06-02T09:11:59Z</time>
<ele>65.4000015258789</ele>
</trkpt>
<trkpt lat="35.8623734" lon="139.9713346">
<time>2026-06-02T09:12:00Z</time>
<ele>65.4000015258789</ele>
</trkpt>
<trkpt lat="35.8623664" lon="139.9713431">
<time>2026-06-02T09:12:01Z</time>
<ele>65.4000015258789</ele>
</trkpt>
<trkpt lat="35.8623601" lon="139.9713518">
<time>2026-06-02T09:12:02Z</time>
<ele>65.4000015258789</ele>
</trkpt>
<trkpt lat="35.8623543" lon="139.9713647">
<time>2026-06-02T09:12:03Z</time>
<ele>65.4000015258789</ele>
</trkpt>
<trkpt lat="35.862351" lon="139.9713759">
<time>2026-06-02T09:12:04Z</time>
<ele>65.4000015258789</ele>
</trkpt>
<trkpt lat="35.862353" lon="139.971392">
<time>2026-06-02T09:12:05Z</time>
<ele>65.4000015258789</ele>
</trkpt>
<trkpt lat="35.8623535" lon="139.9714089">
<time>2026-06-02T09:12:06Z</time>
<ele>65.4000015258789</ele>
</trkpt>
<trkpt lat="35.8623471" lon="139.9714266">
<time>2026-06-02T09:12:07Z</time>
<ele>65.4000015258789</ele>
</trkpt>
<trkpt lat="35.8623412" lon="139.9714377">
<time>2026-06-02T09:12:08Z</time>
<ele>65.4000015258789</ele>
</trkpt>
<trkpt lat="35.8623416" lon="139.9714491">
<time>2026-06-02T09:12:14Z</time>
<ele>65.4000015258789</ele>
</trkpt>
<trkpt lat="35.8623516" lon="139.9714543">
<time>2026-06-02T09:12:21Z</time>
<ele>65.4000015258789</ele>
</trkpt>
</trkseg>
</trk>
</gpx>